from,to
28196,873191
204455,31989
47670,47671
209,37372
1076,316056
543,2726810
194,75658
18,29543
1499392,407217
1780190,2579935
28450,884204
635,1650654
210,1321939
642,645
53318,65555
10,2303332
468,469
347,383407
416212,416213
445,28084
31989,60136
469,1324350
469,1879050
224372,59753
210,869727
202746,2590022
28067,28068
303,231023
469,40216
543,1906657
135622,267891
868,2717
22,271097
775,69474
60136,1917485
158327,349521
541,542
62140,926570
1849530,1697053
75682,1344552
114186,1202538
40324,522373
138563,1163745
201096,179636
28221,453227
83654,1920116
60136,421000
773,33045
210,866345
210,1311573
316,96563
1295327,450378
57665,44674
545,290338
91347,1903411
203804,1505597
401469,401471
28229,167879
780,33990
1903411,1745211
662,190895
75787,1898103
1224,28211
506,222
573,1380908
265570,206403
197,1211776
642,1636608
83654,2681307
34019,556287
1903434,565
89404,983545
1775691,1424653
51366,1908198
48935,279238
662,666
317,1357279
28450,1335307
53945,2602067
893,1986146
29,1524216
507,511
79967,634499
615,273526
22,60478
2321111,1935204
473531,105559
1706371,2425
562,1335916
780,781
35554,243231
28901,1064551
91347,1903416
263437,570417
629,263819
562,1033813
119044,1608628
374,44255
165695,1054037
948107,754502
468,475
337,626418
1111,1896196
193,862719
40324,391008
162171,1124597
53246,247523
53335,1235990
9,713603
86304,203122
32003,2715678
303379,204773
222,2282475
47420,1763535
29498,1051646
2742,2304594
782,449216
662,669
708186,1032241
374,115808
44674,760154
593909,536019
72275,1172191
9,1009856
12960,2016596
1330547,497725
470,400667
202746,317658
106589,68895
438,634458
2745,390919
2661818,2183582
316,644801
487,942513
28450,1439855
453816,1184267
28450,272560
119060,157932
590,28901
69277,245876
1295392,658445
191291,244787
182337,634500
53246,28107
780,1105106
96,370405
1594166,2742145
212743,946333
543,1903434
1284657,1284658
632,377628
84642,225143
948,212042
72294,944547
114186,387662
504090,657387
292630,223785
546,1333848
13687,1390395
469,1871111
135619,255527
287,1280938
29575,1091497
2743,1163748
2371,160492
633,502801
1903409,51228
234,981386
12960,41977
165696,205844
161493,455488
553,706191
65047,2714952
226,2267264
1903411,1927833
487,935589
287,1352354
29487,230089
176102,1312369
1822464,134536
327159,327160
724,727
470934,712898
469,487316
22,225848
28901,1171376
642,73010
72273,135616
120652,199596
1524217,1391654
662,687
34037,741091
287,1093787
234,29461
642,1758179
165695,332056
623,373384
551,1619313
283,2597701
670,1338034
1807140,225057
71,72
780,226665
133193,351052
438,634452
40324,1163399
316,1123519
74109,298386
547,208224
194,200
959,264462
412963,882378
286,200451
506,90243
562,199310
475,34061
69657,1433402
47735,1263831
298657,1117319
106590,1042878
165696,1609758
1903414,586
543,544
224467,1775691
1436289,1436290
224464,162027
28196,28198
404,405
68,2591633
712,745
32008,95486
80842,1078773
242606,1440763
294,1037911
269258,387092
291048,391592
34029,395495
945,1249655
28448,1296990
41297,72173
72276,133193
106589,248026
32011,81682
28901,423368
84159,342108
547,69218
1911577,1735038
1330546,1334193
85413,1792307
449732,418700
194,195
2370,1444770
210,585535
562,714962
90243,90245
80865,80866
72293,843
544,67827
2371,405441
32003,206379
36855,1408887
2425,2426
613,82996
135614,1775411
913,323098
194,824
68,262324
197,354242
28211,991903
1436290,946483
544,1702170
68287,536018
2426,377629
335927,53501
1046,85073
28901,1406860
469,106654
780,35794
158899,1005048
198,1031746
1240482,1240483
45662,45663
12916,2478662
914,915
1742974,1712261
62322,407976
238783,2500533
1236,72273
309512,215813
1775411,231454
551,1922217
1079922,2478912
34019,309868
305,859655
1046,53392
544,1703250
152480,398577
543,1920109
192073,318161
32008,60550
161492,447217
72275,1621534
1060,1063
29547,269258
543,83654
562,910348
9,198804
1903416,82984
265,135740
75984,85404
122277,2108399
209,214
1434011,33995
40544,2584944
226,287094
1442155,1442156
898,132132
445,96230
599651,207949
242605,242606
40214,1242245
286,47883
547,1812935
40323,40324
263,264
259537,159087
286,2213057
1100891,643674
672,914127
1960084,1906744
41275,74329
33996,272568
195,1273173
1236,135623
407,2067957
62322,693970
97050,2587853
766,2486578
485,242231
168169,476281
119060,44013
31989,1759417
338,343
122277,29471
963,863372
221822,391619
286,219572
46913,1643450
233316,1160720
517,103855
59754,393595
105560,420662
28211,204458
2115980,2115978
210,765963
958,2231053
245876,2599600
22,93973
53335,549
68,84531
1499392,400947
75654,2728021
1240483,1193503
28196,708186
93217,93222
209,32025
29461,1112912
72273,34064
1509244,1414854
60961,392500
911,913
119541,441209
356,45404
210,1382924
32008,1385591
193,137722
380,1117943
543,1330545
286,75612
234,1891098
80840,93681
302406,1247726
84590,1008459
191,193
135614,32033
286,1415630
51228,51229
469,2136182
69223,579405
12960,2027405
573,861365
397260,1123269
215813,398580
231454,231455
446,297246
413497,1159554
29461,520487
1553900,213481
633,273123
75984,75985
33052,1219058
29575,937774
165697,267128
1903411,1565532
480,1236608
286,1649877
562,574521
213115,194924
33045,634504
135577,1321370
28901,1412462
447792,395631
83614,2006110
356,335928
482,28091
303,1211579
28196,255507
42444,988812
452627,1278309
125216,2018065
9,561501
41295,168934
31989,2738399
226,314275
287,1415629
210,1055529
199596,395965
1217416,2601894
69277,28100
12916,80869
300231,1085623
165695,46429
213115,213117
519,1208660
626,40576
2661800,2341112
437505,1192854
31989,2745590
680,338187
71655,55213
31989,204456
80840,119060
562,1133852
72275,2742
562,511145
22,1930557
34021,1174529
60478,326297
506,29574
482,326523
29461,204722
22,2018305
374,244734
85404,1434215
73141,765911
22,1965282
1434011,436
94132,365046
651,1208104
59753,1306787
635,1578828
10,454662
434,481146
668,312309
262,573570
433,364409
1046,1227
149698,2045208
666,243277
80864,1649468
53246,176102
544,1563222
41294,1073
414,243233
844,273121
41707,29546
152480,339670
2742,1033846
29580,29581
418700,418701
317,205918
97084,862908
81475,767434
28209,1702325
28110,539329
41295,1612157
506,152267
90627,453161
71655,55210
1046,553981
482,495
1381133,669502
194,1448857
359407,359408
32,34
28253,936476
165697,117207
370405,395494
213121,109168
380021,1124983
28901,209261
613,768493
114185,114186
562,469008
72294,2321113
959,765869
120577,1423891
335928,279
562,1072459
28901,439843
727,1295140
20,284016
32257,504
1236,118969
470,696749
7,438753
28450,320373
222,85698
470,497978
95486,331272
35814,1247649
263,984129
210,1163741
441,318683
72276,106633
896,181663
963,2025949
1081,34018
623276,454601
644,1288394
482,486
28221,29
85701,382640
191,286727
893,894
65553,525898
200451,1282356
535,394935
738,1322346
553,1123863
40,41
782,1105094
587753,86192
119069,206349
135621,352
150203,1550728
1652133,97084
34019,34021
159345,159346
31989,1904441
206389,2008794
413502,693216
2742,1874317
22,1028752
32033,68
29580,1236179
69657,74317
573,272620
97050,292414
1055487,666681
727,866630
265,34003
872,880
469,70348
28211,54526
29574,84590
351052,187272
53399,582899
1649470,888845
872,241368
543,1682492
87883,395019
497,330922
254245,254246
890,1603606
13687,160791
1537406,1249553
35794,941638
742030,742031
716,743972
263,119857
119977,1232575
80865,742013
782,1105097
56,1254432
75682,202907
75,69395
357,1842536
80840,92793
1240483,1335631
1076,395960
1676141,1676142
1055688,927083
642,651
91844,1297582
469,1646498
224379,158481
28105,794846
1827195,2705547
67575,2545632
783,1105103
626,628
28901,1008297
1240483,743714
194,497724
108010,713585
265,34004
165696,2675225
158483,158823
1177712,634177
561,208962
32008,337
35788,347255
55208,1175631
31989,53945
29459,520466
135619,191033
570,571
32003,90627
1076,316057
83654,1920114
1306787,391936
770,1412840
511678,80852
1111,2023229
158836,1333849
195,1367491
1063,349101
182210,643562
119060,1822464
641,2042066
316997,987059
213481,213483
146939,640081
614,1346614
408,272630
29543,338966
670,1211705
294,1114970
135620,188907
32008,1097668
445,454
586,158850
28253,400668
780,33992
632,229193
209,35817
231454,2501295
379,1120045
346,611301
12960,356837
213121,53318
106633,1033854
1236,1692040
1775411,75309
872,44742
210,1248725
135622,267888
1499392,535
114186,1202539
2705399,2602015
543,401618
29580,1938606
149698,945844
117207,317655
287,1448140
994692,1208919
302485,681157
28450,1249477
53246,1348114
374,1404864
91347,1903410
1158459,1235834
10,1987723
160674,575
191,2202148
780,33991
2678529,2708301
613,47917
899,525897
1263979,1193729
31989,436357
583,1987580
234,120576
149698,2072590
49,50
141948,2202149
349221,349215
497724,1388752
382,707241
346,190486
361177,2060312
47420,1842537
1224,1236
1061,272942
265,147645
29,1524215
382,698936
303,931281
31989,74030
235,520455
338,56448
623,1282358
780,782
76517,360107
413,414
743714,1635327
657,1295392
287,1089456
80864,174951
188908,698738
189385,1053648
1334193,701347
53246,394751
958,1916293
553,932677
2745,115555
354203,1792508
38293,85581
28216,543913
155892,190650
382,1230587
666,686
666,935297
872,876
2357,2358
1906659,1778263
9,713602
22,260364
197,757425
286,296
1524213,1524214
2742,330734
62322,402882
1236,1608298
75,69666
135616,933
191028,2508307
119045,2282523
613,671990
41275,2579977
2039723,2675053
28231,351604
881,883
1223423,661191
438,634459
361177,692370
531813,1082931
666,914149
106633,186931
738,557723
74030,391613
944,269484
168471,557598
2024979,263369
135620,267849
487,935599
407,739141
83614,1176533
60893,880072
36855,483179
195,1358410
919,36861
60136,1389005
335929,361177
80864,665874
80864,2678886
75682,963
407217,1590041
635,93378
89404,300231
60552,1449978
2321113,1849015
228,326442
1050,316276
34038,1151116
1813600,1748243
141948,1463158
12960,418699
846,847
33993,2686014
31989,74032
31989,2171755
926,75379
194,206
766,775
156885,80679
286,65741
1934945,1934946
633,502800
773,85701
81,1427356
33991,1105114
51366,2003370
120576,520461
356,41294
543,570
487,935588
770,320483
206389,75787
1822464,134537
517,1977852
470,889738
213849,292630
31993,425
1509243,1509244
152500,350701
731,205914
83618,415229
34102,34103
31989,119541
93217,1891094
287,941193
32008,640512
29471,218491
31989,1759396
55601,882102
914,153948
33059,990288
189385,891398
28141,956149
438,634453
202747,563040
359408,583345
621,300268
34073,543728
194,201
80840,32012
257820,206506
657,74109
80840,80864
2055876,2487150
34072,1795631
256616,256618
80840,1469502
213119,2299
401619,515618
1745211,1639108
942,768
28228,1816218
13687,397260
543,547
31989,1284657
544,133448
468,497
28196,28199
33055,994692
724,735
133,187303
213422,28231
265570,387093
53246,161398
945,1249654
135620,599651
28256,376488
338,1680158
135620,48075
1609958,1609966
497,349106
194,28080
161492,404589
542,627343
379,1538158
90627,935200
329,402626
149698,321983
97050,89184
603050,1032238
210,1127122
210,290847
28231,35554
41294,374
59282,1079
562,941322
379,398
2371,405440
876,525146
69277,31988
544,1920110
1231242,2594003
55518,431944
947567,2599296
31989,188905
662,150340
76892,2686094
222,217203
119045,407
106633,396595
47420,2651974
197,1295010
72275,2650549
267894,67572
261933,1885025
285107,1915078
24,399804
517,463025
234,236
165696,48935
18,1842532
470,1096996
377315,1921087
135621,1849530
933,92245
2008795,73029
168658,1962975
1236,72274
97050,2293862
262,657445
346,366649
441,257438
141948,215691
547,2494701
68287,2493668
53246,227
194,522485
47420,2565558
1903414,581
189384,1010676
1227,133539
637,634113
554,1218933
109262,1860122
263,1001534
28901,476213
57975,1241582
286,122355
28216,1442155
1236,83406
75985,1316932
28141,290339
74317,74318
662,689
615,1334564
209,213
470,1100841
57665,66821
28232,269799
916,335283
1395974,943830
943,35795
28216,1690485
630,1262462
613,2033438
1124597,156889
160791,392499
59753,1113728
135623,641
28256,235572
286,237609
497,1028416
29580,2497863
286,47880
213849,269260
361111,980445
665874,1678128
1738654,1738655
41294,911
262,622488
72,641147
218207,218208
233181,1208923
165695,336203
357,1176649
570,1463165
323415,1300342
547,158836
266009,582744
1706371,447467
434,65959
45663,485915
191,682998
359303,323850
302485,1844006
69657,2004661
1046,1813600
74030,540747
106589,367825
210,592205
2745,664683
2296,177437
713,718
1903409,2100764
194,1660073
562,439855
1234545,2026624
773,807
204037,1778540
399,1028801
433,1223423
2433,42443
93682,2588299
44013,2527775
568,546367
644,1419584
91844,1206109
46913,400770
75985,1366053
1063,272943
32008,758796
1649486,1850238
662,55601
727,71421
93217,93221
28450,1241583
2025617,1917421
33994,1286528
911,912
210,1382925
68287,28104
194,1244531
2008794,33057
28228,1967665
713,51049
72275,1751872
40577,1354304
2100208,2100211
991903,991904
191,192
119060,1827195
76892,1759059
1049,572477
213118,213121
91844,1239881
238749,1715720
936476,491952
379,348824
53946,391616
204286,28258
28901,554290
41295,191
213485,349221
106633,108010
82115,106591
562,1248915
213121,893
66821,1150621
411566,234827
2689614,469322
1236,2738850
338,53413
28901,1412461
773,1933907
948,1184253
407,39956
338,442694
80840,54066
893,1909699
445,29423
613,28151
1224,1807140
135622,72275
543,203804
31989,302485
59,96942
265,2500532
32014,537
2371,788929
267892,44011
445,45067
313985,398767
568394,748280
2746,768066
40323,1827305
213115,213116
408,440085
626,40577
191033,141450
31989,1443919
1191478,1191479
19,338963
263,458234
31989,354203
775,780
334107,153493
303,1331671
135620,187492
158876,158877
868,869
562,1133853
1955420,1826607
18,19
1227,473531
570,548
382,1286640
33989,1105111
283,1082851
481,32257
28221,213115
991904,991905
875170,1208324
32012,426114
547,1827481
161492,161493
73778,1432792
951,222891
329,428406
367771,42444
1048758,903503
672,216895
379,1967781
626,351679
165697,1357916
85413,1867715
41295,171436
75682,401469
507,323284
766,942
1525371,1825976
286,319939
2066070,266835
32011,1679002
482,492
198251,2563896
92944,92947
34021,931202
286,74829
80864,28065
194424,1193502
31989,191028
1679002,1581557
1236,1248727
252301,2587163
200,360105
150203,1842535
53335,470933
39,42
266,318586
209,56877
335928,152053
135575,1096243
28196,603050
160808,743299
2042066,1755811
775,2115980
9,1005090
197,407148
31989,335927
482,655307
41,378806
286,86185
29483,1453495
286,101564
470,509170
416,421
28253,119864
58842,2009329
1134687,1308980
788,1105107
314275,1300253
187493,1208320
1193515,1196083
482,487
561,1499973
204037,1089444
28253,383750
2066490,2066491
53246,314281
782,1105095
181663,96561
59195,676208
1041,39960
745,747
768,142058
52972,2268087
16,1662285
34019,34020
1406135,2304600
379,2028343
28901,439851
31989,366614
1335745,1335757
286,244566
1156568,569860
33057,96773
433,1654741
702,703
197,1380768
28256,114185
872,881
81682,887061
339,340
1193503,1196095
374,1355477
262,28110
470,509173
12960,198107
1082702,1082704
407,2202827
958,2220073
84590,1091495
506,257820
536018,754035
357,160699
1434046,2077182
562,409438
29461,645170
41275,41276
1903411,629
518,1208658
82986,82987
645,382245
568987,138072
62322,325240
2745,1883416
586,333965
642,648
573,484021
210,907237
194,1500960
497,571800
213421,18
80840,212743
187493,1298593
2282523,223967
783,1105102
39773,95641
122277,180957
543,2052938
714,694569
629,419257
262,549298
53246,1514074
469,28090
158483,158822
34,246197
32008,152480
187,1938604
9,563178
879567,1322246
742031,180541
210,1407462
1224,580370
31989,2029873
1822464,311230
41297,1649486
2100764,1615494
470,557600
784,334380
1076,316058
165696,1016987
1335745,1855875
1777752,1521255
85698,1167634
770,1412841
1822464,1761016
31989,875170
72276,1335745
101534,291272
1543705,28077
68287,2066070
543,160674
93217,2518599
359336,75697
1738655,1548547
641,511678
262,2016517
543,158876
379,1703962
263,1341656
2745,475662
300,1001585
106589,96344
543,1906659
135622,267889
28231,28232
551759,551760
547,1692238
1822464,75105
2035811,1716143
114186,1202536
374,375
773,56426
361177,361183
662,696485
470,1455315
76892,20
338,56454
356,82115
28450,1249474
562,566546
1434050,1470434
204457,335929
194,374106
662,190893
214,936155
543,590
633,349747
84980,177439
165697,292913
338,29447
210,102608
1655514,859653
2035811,57320
234,120577
101571,1249668
286,294
83461,35
226665,1032845
520,568706
533,395963
263,393115
33993,951
1692041,1692042
542,627344
168934,2048283
632,386656
52443,1671868
40576,406818
235,520454
82541,1267562
40222,754476
780,783
28231,1203471
1434011,215221
487,122587
129577,511062
547,1560339
1903412,82982
83455,1278073
948,1173064
74030,2494550
584,529507
343,487909
9,713601
1706372,1217416
662,29494
119977,160808
22,70863
476528,47735
469,1785128
953,263437
629,33060
28211,1632780
293089,1122214
662,693153
22,2588449
881,882
80840,88
122277,554
438,634456
171436,171437
41295,1263978
82976,2479367
13373,412022
53246,43658
290425,310575
403,416
413503,1159491
197,195099
374,288000
56730,1418105
1442156,416212
28256,504090
263,510831
495,546263
772,773
520,257313
135615,868
416,1538553
61645,1421338
113267,1303921
286,76758
570,1905288
158481,158327
635,1821960
1172191,2172099
407217,332411
205844,1088721
204619,1972134
1914449,1565605
1284658,666509
469,108981
550,1104326
2008794,12960
1649479,1510150
287,1367493
1182780,1288970
547,2071710
562,885276
20,2201350
47735,1263832
714,1407647
138072,572265
506,1921582
28221,1779134
234827,696127
68287,1670800
32003,32011
446,1199191
487,935591
135575,2055892
416916,714
633,748672
93217,656179
413496,28141
39645,765698
613,488142
80867,643561
286,76761
35795,1423892
213119,218207
118969,444
727,262727
1759396,1920883
642,2033033
67572,357794
69277,274591
234,29459
210,1352356
357,861208
636,498217
305,1262456
1223423,2558360
670,1338032
90627,1778653
487,630588
75787,551759
1679002,1581680
379,29449
28105,194963
13687,13689
1706373,48073
194,198
76890,78587
573,1225181
160674,54291
210,585538
35791,416276
28228,1816219
138563,182217
135620,515417
244787,598659
1621534,326544
487,272831
712,476528
843,844
31989,93682
261963,261964
158836,301105
1655514,744985
33055,994695
225058,119977
2321111,1564138
1060,1075
403,39773
53246,152297
22,70864
1921582,1851544
945,1249653
203804,251535
551,338565
662,676
31989,238783
53399,670307
50,52
34073,1246301
22,60217
214906,731
267888,53246
338,48664
31988,83263
872,296842
101564,741155
41275,1938605
84565,1929246
713,189834
573,1193292
613,61652
52972,296591
644,380703
47589,562019
528,529
80864,80865
360528,1250539
1632780,1940610
1822464,261302
69474,784
106591,716925
2299,947919
118969,118968
169176,1219035
45401,623276
303,1042876
226,1858656
872,191026
347,360094
407,2051553
53246,283699
57975,1249665
2233801,2021234
226,715451
13687,1609977
535,1108595
85698,1216976
28199,572480
201,1388750
210,794851
1869285,1085644
780,35788
217,679897
377315,1921086
470,1096997
206379,914
83654,2282309
286,47878
79967,644651
31989,58842
60136,1402135
286,158627
118968,59195
80864,219181
28077,1441467
773,38323
35554,663917
32008,60552
286,1294143
623,198215
31989,92944
1706369,1706375
469,202954
41294,40136
414371,1349819
58180,207559
31989,2683599
80864,34072
745,97481
209,212
338,346
2742,1671721
28211,213485
210,512562
56812,318167
82115,323620
34037,1805933
75985,1261126
2371,183190
44013,576611
29,1649470
28211,204455
361177,2604537
210,693745
784,357244
665874,1678129
28216,327159
267889,1407056
92245,717772
233181,1208922
226,233316
198251,1002672
93217,93219
40323,2005046
386487,413404
869,870
628,1437823
2066491,1602338
41275,1325724
32033,83618
206349,70774
1765964,160660
91844,1163752
662,52443
311181,311182
32008,41899
1041,2587851
399,1028800
28901,1160717
13687,93064
41297,165695
1485594,2742204
964,757424
72275,288793
68,435897
34067,728003
927,555778
58050,69539
80840,316612
34064,262
82115,34019
41295,1543705
29547,265570
2218628,141679
57975,271848
93217,93220
69277,1594166
450,661367
213468,2357
1236,135624
354,1283330
95486,1055524
562,331112
1434046,2584094
44746,86106
90736,1202962
1085,269796
210,1382922
352,353
262,263
1649317,123824
28884,28885
543,1330547
1518149,2552945
31,83461
267893,135575
518,568707
562,595495
338,456327
41275,1532555
133,391905
95486,406425
286,312306
2723,2724
28221,69541
1706372,2678529
210,1055532
41297,165697
478070,2587854
342113,441162
305976,1007105
119977,920
122277,1905730
76759,1435044
520,743277
562,701177
149698,1707785
135613,1738654
953,66084
364410,391165
875170,1411902
766,1528098
1301080,1160784
219181,2109914
213468,60892
995019,40544
28901,1412460
2035712,47960
773,1933906
785,1003202
948,1184254
32,83455
197,32022
511678,40269
65555,1167006
72294,1850254
33055,233181
41295,2705399
1236,1706369
263377,1229727
782,1290427
28901,454169
263,393011
210,1055527
28105,382
135613,1676141
1229,323261
85404,1433287
208216,314260
135613,255526
33002,694431
623,591020
335405,1892855
1927833,1878942
468,2283318
83654,83655
117942,84404
80816,502025
265,2065379
655351,1406135
87883,985079
361177,645517
712,75984
364410,1051974
347,291331
82115,357
32008,488729
47735,1171377
548,935296
12916,358220
32008,1740162
39,44
39765,317025
286,587753
286,70775
562,1048689
561,564
543,620
60890,1423144
1734920,1235591
375,1037409
773,52764
263,351581
1051,421628
573,1328325
226,589873
95486,331271
1084558,716816
768,948
1775403,568386
517,519
224467,191301
2004661,2749086
77038,1236908
225143,1903694
31993,261933
482,493
110321,366394
1499392,885864
1032072,870501
59753,1094342
210,563041
872,1725232
2172100,2172103
630,393305
1906657,1778262
32008,342113
28450,1249471
34003,1367847
75612,1147786
662,47951
41294,1395974
213422,392332
138074,568817
135613,1273155
1134687,1191061
75,88688
53392,1166950
57665,194424
204456,2169400
160791,1283312
497,1699622
41297,2676233
626,351671
32008,101571
70863,211586
36861,292415
210,1163739
12916,1926868
712,724
935200,649841
766,1328881
1822464,948107
2100208,1509243
90627,314343
28216,206389
434,1076596
482,484
632,637385
782,1290428
2717,2718
152682,621456
224467,191291
570,1134687
70774,297
1335745,2666185
28901,220341
94624,340100
41295,13134
562,1134782
1330545,61646
2295,2296
642,654
267889,1518149
80864,283
28901,1298917
433,93
28065,2509614
287,1408272
235,1104320
1822464,2654982
407,925818
732,634176
445,66969
222,1758194
28065,192843
562,585396
31988,374606
335929,1111
517,521
45404,168658
28450,536230
2039723,2580412
649841,1163617
318147,1768242
287,208963
2680021,2268024
80864,47420
38323,283166
562,869729
727,281310
788,293613
586,333962
1330546,61647
1217416,930805
522,524
712,109471
543,413496
28216,1381133
2738850,2738883
2738399,2483033
29459,1029825
416,702114
91347,447792
194,1848766
1484898,1384459
28196,1355374
543,1906661
210,1407463
117942,33001
286,46257
165695,627192
29487,2218628
349742,1543721
361177,1267766
158836,1333851
1273155,585455
40137,504832
724,712310
338,56460
1827478,1447062
33057,59405
872,370038
943,391036
92945,759362
53945,53946
327160,522306
445,452
1046,156885
83618,128785
13687,2219696
303,351746
1903411,41201
628,406817
573,1244085
885864,1906741
712,713
286,316
202746,2590021
349221,856793
879,1121448
1499392,230666
447792,1972431
135622,267894
41297,13687
31989,263377
28901,1003191
114186,1202537
29580,1644131
28231,1340425
84565,1486991
506,507
203804,101534
152161,538381
28256,33073
69541,213422
338,56455
547,1166130
780,785
1778653,2675298
408,661410
32025,235279
91347,1903412
28197,944546
251701,223283
13134,84159
206,1031920
444,465
28209,444444
392332,483547
469,471
1565532,1646377
165695,2082188
28108,1004785
586,2027290
234,36855
551,55211
303,1196325
238749,1546149
320496,320497
88688,509190
80864,215579
267890,22
135618,403
1499392,187
356,1734920
213117,45662
93220,1416914
197,1347340
33993,950
29,1524213
330922,335284
1434046,1806885
65741,1301098
40222,754477
165697,1866325
285091,930169
487,122586
59753,285091
921,639283
119864,717774
1654741,2697033
543,1199245
1224,28221
2745,115553
478070,2021862
9,713600
1085,1036743
2490452,1458425
662,2587862
28884,39765
2732587,412965
1822464,169427
314275,1300257
379,2267833
286,1302376
644,1418107
83564,885957
32008,640510
165695,332055
28065,1842727
403,73778
80840,28067
543,891974
438,634457
2676233,2711215
773,2267275
71433,1082933
361177,543877
731,228400
53246,43659
28901,909946
213119,2295
106589,164546
528,419475
194195,194196
544,35703
487,935593
213462,213465
29438,264730
1407056,718192
42443,391595
12916,553814
1237,1238
45401,1082930
286,76759
34072,2126319
71655,1109412
1495768,1495769
1330547,2492396
986106,1281578
244366,640131
165695,1673076
2742,1749259
543,929812
880,526222
29459,546272
286,1856685
663,1219076
469,108980
28100,1867719
28901,990282
543,693444
290425,302406
408,419610
65047,1658665
28901,527001
465,451
195,1183379
34038,745277
346,1308548
255475,293088
69657,85
213119,896
82976,82977
91347,543
158481,1628392
293088,293089
613,618
747,272843
165695,135719
1541743,386487
622,300267
1082930,531813
72276,85108
586,588
93217,656178
33,1334629
35814,1172205
446,91891
1191479,162171
213113,117942
2434,375451
562,585034
28110,484022
230494,1336806
1227,1229
662,674
945,1249651
62322,399599
73029,259537
469,756892
135613,2035710
2008785,119069
57665,65553
35798,1231
32033,338
713,720
953,955
1751872,1526571
28450,1229785
356,119043
75985,1311760
43947,43948
194,199
74030,215743
475,34062
636,718251
75309,582702
1224,29547
53335,1484157
160674,577
68,453783
547,550
718,202947
54066,2697032
28901,295319
381,935546
28884,265883
724,729
2745,213554
54736,218493
945,1249652
28256,42054
209,138563
449719,437504
209,217
47880,743720
382,693982
184914,1144275
1079922,2070537
562,655817
33055,33056
82115,1525371
32033,83614
434,146474
470,1096995
197,718271
351604,351605
32008,1678678
29,31
613,61651
573657,573658
269261,749222
506,359336
469,1407071
568,569
2745,1504981
2709666,2511995
196,1093099
379,384
629,29486
67780,634503
230666,2739434
227873,121719
953,100901
29494,903510
28196,28200
265,1077935
875170,1397108
286,157782
1903416,82980
265,266
506,517
29580,368607
434,435
994695,1208921
1046,1980513
583,1921565
209,210
201,1388749
1046,85076
40323,1793721
356,1862950
356,2036754
562,1110693
68287,2082387
286,1028989
1472344,1472345
31989,265
1217908,391626
32012,926
517,463040
80865,558537
1744881,1620215
9,224915
286,47879
958,453816
890,1823759
294,216595
551,2681984
632,187410
637,638
641,657
287,557722
933,1803865
623,198214
803,283165
85076,37487
29,224464
347,342109
629,2607663
413496,413501
413501,1159613
62322,693974
262,2007306
338,347
197,1338035
713,715
40137,1031710
194,1660076
165697,1515612
141948,2714945
1572860,1482074
1775411,70411
159346,1294273
1499392,168470
28196,1912871
44013,576610
34020,1277257
286,47886
28197,1036172
203804,203907
53335,553
99,1745854
209,222136
82115,28105
554,561230
613,104623
28901,866913
13687,1030157
453227,453228
225057,225058
93217,93218
1920240,261963
590,54736
81682,266009
453229,453230
1236,135618
263,1001542
119043,1742974
80869,397945
267891,58050
194,1031542
40751,40754
332056,452662
942,33993
234,444163
379,648995
713,716
1433402,1434191
762296,1704499
666,1420885
75105,1323664
780,337479
1934947,1810504
41295,1182780
773,388640
286,29438
28901,454166
2745,29570
133,173366
777,360115
544,1639133
165695,1855519
943,945
114616,460265
1295327,1348774
41295,1543704
314722,743721
929812,929813
672,196600
286,104087
691,1219067
338,1985254
1236,135625
354,1283331
780,109232
579,61648
56877,1002804
28901,99287
70864,398579
352,354
339,990315
210,1382923
747,584721
543,1330546
630749,1620392
487,909420
562,536056
69277,449972
85698,762376
213849,72294
28231,443143
2650549,2259620
57665,1854493
35794,1105109
93681,76731
655184,1705394
84405,760142
562,481805
28216,189384
1903409,32199
72293,209
41297,165696
872,901
208962,1440052
31989,299261
446,297245
716925,716928
334852,693986
715,416269
400947,2739061
562,585056
28901,1412459
543,2055876
2745,272774
785,1003201
1041,1648404
28901,1320309
337,1176492
456327,316273
398,698761
29547,213849
366614,195105
80864,352450
561,562
444163,568815
2035811,879567
41297,1763827
75787,1914449
416,107637
613,137545
576611,312153
32011,404
445,45065
89184,246200
2024979,1652132
1344552,2601898
206351,481
155493,750
194,260714
68,1605891
1427364,1125411
1861863,2698684
1041,2182384
165697,2565556
568386,1861863
28196,197482
28256,1495768
57975,1249661
1553900,2024979
28228,2161872
2321115,663364
292,1009846
528,271865
28221,213113
1224,2008785
135620,1537406
135620,28253
28901,41514
1804663,1549855
580372,377315
39,47
262,573569
44012,550540
336203,1208342
2100211,244581
201,1031536
288793,2572577
53945,1217908
36855,1104321
1602338,2043170
286,53412
263,376619
1905730,561231
573,1328324
34067,1329899
72276,1051
31989,285107
165696,702113
323620,879274
44013,1835254
31989,258255
714,754507
1041,2739433
517,518
82984,2498113
54291,1286170
1051,1442136
434,446692
77038,1236909
1692040,1692041
67572,314282
28216,32003
68,2698682
28901,588858
75985,1222034
727,374931
92793,1296669
29,1055686
613,768490
28211,767891
453228,453229
620,621
915,228410
379,1869170
31989,2748098
197,360109
1906661,1070130
407,270351
28228,58049
29580,375286
630,930944
80864,1436289
2321115,1462615
475,480
1775411,2233801
374,114615
261963,1561924
13687,152682
45404,2572036
444,445
41297,541
356,1902578
28228,28229
95486,216591
66269,660596
1236,1775403
125216,207340
32008,152500
314275,1300255
497724,1388751
1499392,568394
712,2094023
28231,225194
407,2202828
32011,359407
482,485
1706375,630749
1111,1112
157673,221988
1525371,2060726
13687,1961362
132132,888061
76759,1435058
632,637386
767892,488538
119060,47670
335929,1295327
93217,445709
570,2026240
226,1777492
953,169402
35790,652620
72294,2321111
210,907240
914,44577
120652,227605
263,401614
44255,1245469
255527,1445504
2035710,2035712
427923,589865
45401,29407
1652132,1652133
35817,1216962
28901,1081093
28211,255473
53246,166935
786,293614
29459,941967
73029,2231055
427922,427923
286,69328
517,94624
75682,149698
356,1484898
562,585397
517,520
433,89583
152267,2488560
29574,29575
6,7
202746,202747
106589,119219
269260,269261
436357,2017482
963,341045
252970,1229205
1649499,1293412
433,153497
75309,666685
729,862965
191026,1121451
210,1321940
28450,1249659
562,364106
152053,921
180541,2183911
59753,59754
28211,204441
445,28087
52972,2082385
520,1017264
894,577650
1763827,1763828
45404,1156568
2035811,182210
622488,1088883
109262,927
379347,1265309
543,1906660
40323,216778
230666,1737446
22,271098
262,1547445
24,319224
641,51366
552,665029
210,866346
1063,349102
785,257363
47420,795665
33057,1134435
286,216142
556,561229
641,246861
32008,28095
286,1306993
777,434923
497,1720344
563,630626
191,664962
543,579
433,320496
2008793,1054211
32199,9
174951,94132
666,1134456
783,1105105
32033,40323
54526,1655514
53246,288
80864,2490452
204042,1427366
662,29498
165696,169176
286,317
446,933093
28104,763057
9,261317
382,266834
213465,29526
433,1649499
1328881,411566
133924,999552
1434011,28448
33057,85643
209,76936
954,1086726
29461,1004954
60217,637905
69541,213421
943,779
780,786
22,62322
553,1095774
28080,1031733
777,434924
449972,266779
1706375,1434050
155892,565050
271097,425104
204037,204042
469,470
119060,2680021
716,696748
485,521006
373,311402
635,1263550
547,885040
13134,1639348
194,76517
1041,502682
1329899,1198232
221822,383629
662,670
446,400673
28196,877500
356,1572860
29546,1234378
135625,712
9,1009859
482,28449
80864,52972
1472345,1072685
356,31993
1543704,1612173
196,1240980
118882,528
165697,310581
403,413
547,61645
1203471,316067
963,80842
613,615
208223,1300165
219181,1658672
543,561
773,515256
283,225992
56426,696125
204458,76892
872,879
1521255,91604
2490452,1458426
302485,1580596
286,303
314275,1300256
522485,522484
255527,230494
286,36746
1682492,1410383
2039723,2675054
122277,2042057
2726810,1851514
96230,1212491
305,1031711
149698,321984
374,1325095
13687,1938607
2371,155920
135619,135620
197,567106
12916,232721
573658,573234
409304,168169
2745,115561
251542,1240471
28231,313985
133,134
469,29430
33060,349967
727,262728
41295,1231242
125216,257708
453230,644282
662,680
632,214092
194,1965231
40324,868597
44,83453
82996,1154756
543,82976
28901,718274
265,1499308
283,285
1236,1541743
621,344609
13687,1560345
68287,39645
184917,573370
53246,267375
32003,2008790
356,119045
630,994476
206351,1499392
195,1183378
80840,1834205
223967,441620
1903410,84565
930,637390
352450,2109915
29580,2590869
22,2029986
329,1366050
75687,1031538
28065,81479
724,249188
374106,1121267
562,585035
945,1249650
538,539
547,881260
76892,75
1903412,568
773,1686310
32,1297742
374,1404367
13687,1549858
670,223926
119219,266264
364317,391735
41297,335405
194,196
75658,1031753
1081,1085
28901,1267753
305,859657
28216,1191175
353,1328314
133539,472759
779,302409
41297,1434046
213116,898
168934,220697
544,67824
580370,580371
1434011,265959
28901,1132507
469,202950
194,488546
197,1383068
261302,398527
803,1225179
872,58180
724,730
31989,2211641
118968,776
712,749
1273132,1215343
56460,925775
873,690850
72274,135621
542,579138
31989,387095
1524214,1391653
82986,53336
28216,1301080
776,2054173
613,2741499
642,196024
914,916
33992,1105113
413496,1163710
31989,2605946
40544,2494234
53246,621376
28196,1054033
326544,1129794
547,399742
562,316401
55508,1349767
146937,146939
469,2004650
292486,728
76892,41275
584,1266738
13687,59803
773,1318743
44011,44012
629,29485
210,85962
80865,1920191
32008,1503054
119060,2571159
146784,960
544,2077147
210,637913
119977,930
481,538
223785,2231112
2094023,2030797
213468,43773
1921002,2100208
286,157783
1236,135613
286,198620
542,264203
57975,1249667
1897649,1883414
769,574556
1775403,2689614
404011,225849
1903411,34037
1236,655184
1263979,1401328
421,857087
234,235
1263978,1263979
780,35790
1224,1553900
13134,55518
31989,2433
22,43661
213465,361106
316,1196835
119043,256616
1692041,1744881
48736,329
135619,224379
33056,1208918
1355477,224911
68287,278153
562,741093
55518,1430440
442,290633
196,1244528
1706369,1706373
29547,235899
912,323097
78587,573065
550,1333850
535,1778675
384,754523
413496,413502
2008790,919
158836,299766
573,1049565
632,360102
482,1853278
481,334107
119043,2026785
332055,861109
666,345073
165696,158500
194924,41707
201,1453989
697331,653940
2100764,665913
583,585
2742,1420916
75,366602
28211,204457
210,765964
31989,478070
374,931866
1655514,198251
309868,1261131
135617,1021
478070,1674922
504090,698828
265,2259340
662,553239
506,1100891
1236,135619
60892,60893
543,158483
261302,1417228
299261,299262
347,1458476
203804,251542
497,2565557
305,267608
779,254945
338,339
401618,401619
149698,1678028
69657,1690484
40323,1904944
53413,1304892
662,50719
442,1288313
314275,1774373
41201,41202
166935,1315283
286,1611770
470,480119
1010676,1266371
28198,1032070
196,1273266
1692042,1675686
70411,81475
1985254,317013
28901,216597
31989,360528
28196,1080223
943,944
34021,537021
194924,2035811
963,92645
162027,80816
246861,673
1706375,1084558
9,372461
47,48
28450,1306418
33056,1267577
85413,1842539
133,655015
582,1124991
415229,1045855
119060,106589
33001,33002
84642,347533
135613,449719
213118,213119
28196,913109
210,1382920
583,626774
39773,271065
379,1125847
31989,947567
45401,119044
213849,72293
1076,258594
83461,184914
41275,1827469
201,306263
517,1331258
40269,316275
668,388396
334543,259536
32008,1207504
194924,872
1676142,1579979
210,1055530
56459,325776
34064,1869285
562,386585
358,311403
280,78245
260714,1031564
486,489653
384,1033991
271065,1091494
1443919,2494374
58050,80854
434,104102
613,1327989
620,1813821
29526,119484
481,1193515
31,32
109471,109472
562,585057
202907,279113
258255,911045
72275,89404
773,1933904
433,125216
222,32002
28901,1225522
1191175,881286
202907,158899
569,1453496
2571159,412963
305976,2716226
1802983,1802984
72274,468
776,325775
642,948519
72294,28196
29461,470137
41294,85413
106589,106590
53335,592316
93,94
629,631
1903410,1082702
28105,380
106633,106634
511678,668
82980,158841
446,272624
32008,13373
787,1105110
48073,1769779
28901,149539
481,482
529,439375
32008,416344
57975,1249660
39956,908290
433,91914
32008,488731
292,983594
152267,1940612
445,446
629,367190
72294,57665
346,1308541
413,2681310
721785,535289
42054,158080
374,1223566
40136,40137
376488,376489
374,1274631
33990,391896
1649510,1333996
234,1149952
210,1163742
1821960,667120
29459,224914
1033846,225937
1524216,1524217
106589,876364
524,349163
33047,1094497
316612,105560
210,357544
1041,2011159
727,374930
28901,1124936
445,1867846
620,622
632,1035377
44011,2724191
53335,470934
39766,326298
220697,1123366
1434011,1177712
777,227377
562,1274814
920,380394
337479,1182263
629,633
697331,157673
41295,1081
287,1427342
314275,1300254
194924,2582840
783,452659
1227,1814290
160674,1259973
67854,339671
196,1507806
339,190485
255526,109262
131079,2732163
1076,316055
782,1105098
179636,596153
28901,568709
168470,168471
1921002,44746
287,208964
384,216596
403,1808977
714,272556
35798,1288494
666,579112
642,652
914,44574
568386,413435
36873,266265
13373,320389
52972,37448
1335745,1335746
570,244366
12960,2067960
204455,69657
28068,983917
1238,1227812
2008793,311181
72294,194
75985,1249526
551,79967
109168,84980
191028,133924
434,2259883
551760,76114
28216,33055
2008794,2080469
1160784,1343077
374,376
59282,2233851
469322,465721
953,77038
470,405416
374,1549949
210,1321941
1053,349124
213,1172562
265,1529068
196,360106
1111,2547601
204037,204039
434,2500548
950,434131
1076,652103
335928,99
2024973,2493639
106589,82541
256618,402881
314275,1004786
303,1215088
31989,252301
28450,357348
662,1481923
210,1248726
45401,59282
1903409,82986
34008,1564506
114186,1202540
54736,1197719
28221,213462
119060,131079
1934946,1934947
773,33047
80864,238749
106591,106592
32008,292
544,545
58050,90736
338,56458
780,788
31989,97050
135624,84642
29,39
60136,2070369
715,434271
91347,1903409
286,930166
777,434922
445,450
286,43263
29449,1328306
196,688354
80864,201096
551,552
783,1105104
654,998088
28067,316997
1778653,1985873
263369,146784
197,1380767
28108,1004788
662,1116375
32014,2496266
2358,706587
22,56812
135613,72276
135622,267892
1775411,242605
438,1266844
447471,1117647
194,2042961
51229,36870
1030,1032
210,570508
41297,2685927
194,2505970
1759417,1591409
2685927,1921510
623,1282357
28141,1138308
91915,1231624
338,56453
780,787
1903410,71655
82996,682634
235,520450
286,2213226
91347,1903414
204441,41295
286130,1249480
292486,762
407,114616
32011,16
165695,120107
1224,28216
1054211,748811
28108,1004787
414371,370622
83614,2565782
75,69665
45401,46913
1903409,53335
562,585055
235572,91844
644,1418110
31989,34008
22,60480
68,2290922
106591,375549
28196,1032072
314343,63745
9,1009858
1608298,1076588
1089444,1225786
542,555217
875170,1758178
1236,349742
953,163164
89583,33996
41295,111830
13687,745310
1236,1524249
22,24
286,251701
1903409,551
68287,381
613,614
1903410,204037
106590,381666
47420,47421
543,134287
356,1485594
519,257311
13373,243160
1706371,316625
580371,580372
248026,264198
506,290425
542,622759
286,300
235,262698
29580,55508
40323,128780
32008,28450
314275,1300259
347533,347534
287,1340851
119484,335543
1236,1934945
235899,224467
662,2025808
286,321846
712,1960084
872,631220
41275,2561924
379,1301032
48736,105219
413496,535744
2094023,738
41295,1804663
562,444450
48073,252514
53246,43657
202746,39766
33990,336407
1903414,637
1434011,265960
9,1265350
199,360104
85413,1526658
535,2605945
135620,75687
74030,2587850
204037,1401087
782,272947
210,985080
84404,84405
119060,1810868
84642,43947
446,1312904
216465,365044
85413,2599640
147268,717773
28223,651182
945,1249656
31989,1649279
53412,1245471
543,1048757
192843,338969
562,591946
379,1312183
287,1367494
32003,2008793
48736,1310165
204441,433
28901,550538
438,634454
83453,1294270
714,668336
210,684950
119977,33059
323413,323415
562,885275
194,202
57975,1250339
48073,2587856
47735,1263829
85108,1052
22,150120
1041,192812
401618,1719125
198251,198252
870,246195
40323,2282124
1048757,1048758
335928,6
85,81032
1524215,161492
186650,2082949
85072,1049
31998,426355
148447,391038
1648497,2552942
80840,506
662,672
380021,220664
285,1392005
551,215689
407,31998
32008,482957
63745,580332
135616,28884
581,582
316612,2082386
55601,882944
1499392,32014
263,1452728
517,1697043
82115,2661800
31989,1060
28211,1191478
194,197
287,1279008
713,51161
644,1448139
59405,44139
562,316407
571,1333852
305,859656
72276,1765964
202950,62977
28253,178399
84565,63612
1105106,481009
562,362663
32008,488446
22,38313
416916,732
662,1074311
42862,315456
544,67825
28901,85569
384,395491
41275,74313
1046,13724
48736,190721
13687,1327635
434,438
1063,557760
286,198618
28256,2745
1236,1240482
573,1125630
1073,1076
33993,33994
543,1335483
2370,2371
1148157,436717
186931,1255043
780,35792
2299,571177
22,94122
91347,702
75985,1311759
1692041,986106
213,537971
28216,80840
562,696406
28196,1054034
562,685038
74318,394221
403,762296
41275,588932
255475,414371
265,82367
447467,447471
629,29484
75984,1432056
210,85963
522,62140
28196,505249
32008,1503055
1706369,1706371
13687,1045317
42,43
111830,111831
31989,367771
1278212,663365
364316,364317
1060,1061
356,772
69277,68287
1236,135614
881,391774
149698,1593482
475,29433
564,585054
622,754093
119045,186650
75984,85402
1822464,1926494
357,1279031
255473,255474
33073,33074
780,35791
261964,523791
520,1403053
135616,1237
469,106649
2282523,29429
48296,871585
165695,407020
106592,1416753
712,697331
286,237610
286,47877
750,1005058
504090,157779
624,300269
12960,748247
135575,135577
1084,1150469
727,935897
497,334543
1236,186490
231454,445710
22,2520507
2,1224
286,1500686
1706369,1706372
730,233412
262,1542390
827,1032069
413496,413503
29423,1268635
204038,198628
994696,1208920
2745,1610576
374,2057741
632,349746
335405,335406
517,463014
202907,279058
135621,1649479
955,1116230
1921002,1777752
201,1453988
2100764,665914
22,351745
583,584
287,1279007
1196083,1196094
2742,1420917
13687,2319844
1033854,396588
562,413997
1335631,1267021
141450,141451
197,1357994
9,1005057
28108,529120
536,243365
165695,13690
32008,758793
573,1420013
475,386891
194,28898
231455,1217721
59,63
28901,1271863
1779135,1779136
286,1788301
1775411,323413
556287,658172
288793,2303538
2707020,2010829
210,1382926
152053,2709380
85073,1050
1541743,2738852
712,155493
28231,443144
773,803
255474,208215
68,69
347,129394
28211,356
197,645464
518,257310
34072,436515
407,418223
84642,642
56,448385
1048758,1234603
434,1633874
562,544404
32033,2709666
1654741,2676441
379,56730
82996,768492
34019,1273132
914,1444684
286,1207075
1903410,122277
29447,380358
274591,1620421
161493,290397
562,331111
354,322710
356,45401
210,1382921
497,2203895
773,1933910
28231,345632
2211641,245188
2029873,2715211
469,1789224
81,717785
74829,1123016
84565,1239307
142058,1248439
356,118882
53335,59814
210,1055531
542,1194424
261963,914150
29449,347834
33055,1576550
380,394
288,342610
872,63561
302485,221822
2705399,2602016
212,382638
28211,766
959,1069642
209,135569
374,858423
2282523,408
28221,213118
1434019,561184
13134,1663591
2742,490759
552,716540
92945,880591
437504,437505
768,769
629,630
1915401,1852022
2745,44935
543,568987
562,1248902
881,573059
75984,2679994
655184,2508687
487,374833
165697,33052
45401,1827478
1903412,635
204042,590409
1639108,1441930
57975,1249663
149698,864828
914,261292
28901,1016998
1553900,2024973
316625,86304
773,1933912
776,777
1097466,1335048
724,197575
1176649,176299
45404,532
357,373
620,624
72294,2321115
32008,488732
28065,1484693
10,155077
506,1472344
1649279,379347
670,1429044
41294,1649510
236,444178
748811,1223802
191,1226968
32033,141948
210,1163743
28216,1904640
75985,1249531
657445,1163389
80849,292805
53246,298657
739,888057
300,399739
482,488
662,45658
213421,890
1236,2732587
48073,359370
48073,48074
135617,1030
93,217070
12916,1842533
1649468,2109913
279,280
767891,767892
262,475375
620,623
82982,82983
135619,28256
1525371,399
72275,2661818
712,1649317
31989,1537215
635,67780
22,404011
31989,159345
629,632
1621534,197222
506,305976
715,537457
713,67854
32003,2732067
469,40215
29546,363253
942,943
482,483
544,57706
1069,648757
782,1105099
179636,596154
28901,568708
46429,690566
68287,1777867
68287,71433
357,359
29575,743973
210,907238
1330545,1907578
235,430066
75682,846
13373,320388
35703,1261127
783,1105101
562,405955
80866,398578
1632780,1868589
547,299767
53335,66269
135616,2039723
538,2528037
562,585395
28105,110321
472825,472834
68287,593909
197,1201032
75682,75654
1046,67575
34037,34038
570,573
1330547,1646340
286,1628086
338,56464
657,38293
573,72407
9,107806
1822464,252970
356,573657
18,29542
191,528244
210,1321938
1021,288004
51229,1142511
28901,321314
642,644
316,379731
416,1727196
478070,2590016
192,1064539
1612157,1084
884214,884215
34018,414684
445,456
204037,204038
160674,2259647
482,2666100
2745,2136172
28901,1173427
2743,351348
469,48296
210,1234365
380,1185652
52972,216465
303,160488
158080,290398
28256,204286
747,1132496
225143,1416627
361106,361111
135622,267890
517,35814
942,953
165696,1176536
2299,83564
28256,1897649
226,28108
75682,29580
1822464,60548
33057,2005884
90627,1443590
210,866344
49,39643
338,56459
544,546
2745,1178482
287,1407059
235,359391
28196,1278212
28196,1904463
203804,1505596
780,33989
445,449
615,435998
28222,28223
433,441
379,1703966
208215,208216
41297,1234545
106589,1389192
629,2339259
1649499,2558361
872,184917
135622,267893
712,416916
441,442
186490,374463
356,655351
41297,150203
194,1813019
225194,404380
191301,291048
34067,385025
80864,364316
488546,1388753
286,515393
470,980514
521,360910
263,441952
1330547,283686
187492,187493
80865,180282
380021,1420599
312306,384676
189384,189385
63612,343509
82984,82985
75,155892
29449,1432049
1445505,1445510
213119,28222
433,434
776,2487929
933,147268
80840,75682
83654,2681309
1068,1069
43948,595494
165696,2571749
562,1355100
210,1234600
28901,877468
22,60481
261963,1144748
215579,215580
1163710,1073999
9,1009857
80840,65047
80864,12916
80840,34102
149698,871742
2742,2547598
425,426
1775411,2707020
29487,291112
1231,323848
267849,2614693
72173,1634516
543,1780190
188907,188908
1778653,171865
164546,977880
1869285,594679
374,1325090
45401,81
356,255475
31989,227873
153497,153496
354203,311180
231454,1379159
213121,427922
165695,484429
303,76869
135619,449732
2100764,1458355
286,33069
286,301
191028,1396826
314275,1300258
561,2044467
662,663
302485,60890
662,28173
1822464,169430
1427356,1029756
576610,452638
876,641491
770,234826
283,363952
31989,309512
60136,1968541
204457,41297
1134687,1006551
517,123899
135619,1920240
29484,1454377
29,49
1960084,758
186650,1882682
532,533
90627,96
191291,2579250
783,392021
53246,43662
1903414,626
613,138074
263,1232394
442,1224746
213462,213468
36746,1441629
238749,1288495
475,476
287,1352355
53246,28109
53335,1076550
31989,1097466
724,726
210,985081
1328881,1802983
497,45610
72273,135617
135613,1046
528,94625
958,959
570,2153354
1779134,1779135
433,1079922
28901,550537
438,634455
562,1382700
32008,57975
51366,51367
31993,133
286,200450
194,203
195,1183380
387095,2587842
85108,1053
727,862964
251535,859654
67825,637910
1082702,1172565
54736,1382510
712,292486
53945,1458307
224372,2025617
28211,1921002
394751,1117313
2742,2743
335929,1041
213483,958
53246,234831
28196,28197
1822464,420953
69277,1915401
2683599,2579971
586,587
28211,2066490
206379,35798
204037,556
2371,1401256
286,287
32008,95485
209,45498
76892,76890
22,60961
157932,29443
188905,290400
111830,2682137
33059,637389
31989,152161
135616,34067
29459,703352
22,359303
46913,2083786
562,431946
28901,90371
53335,1484158
1808977,1808979
158836,1296536
379,396
781,272944
32008,488447
13724,73141
22,192073
898,899
384,395492
75787,146937
194,827
2745,1118153
896,897
80840,318147
37487,765910
165695,1843368
481,59
81032,228405
1046,85072
1236,204619
583,183417
165695,1332080
1869285,1085647
88,34029
53335,2575375
262,2249302
28105,1842534
32033,2370
1330547,208223
1524249,1249552
1810868,1553431
2035811,2678688
204037,69223
75,1679497
82996,1348660
135619,224372
1335483,563
783,1338411
1903414,583
382,1235461
629,29483
31989,1609958
953,246273
45404,120652
517,2163011
32008,1468409
2433,2434
33055,994696
780,42862
34073,595537
222,217204
1236,135615
31989,1955420
1443590,1188319
413496,413497
662,691
305976,2028345
293088,686597
2745,1897729
69657,2723
469,106648
446,423212
1263550,1288122
135577,283942
359407,1055487
1249016,1032623
562,216592
72293,202746
2008793,378210
53246,228
169055,2712222
186650,2651334
122277,55208
122277,78398
74032,74033
641,662
1055686,1055688
242605,2589080
416916,739
39643,56
655184,1427364
28216,206351
287,381754
364409,364410
74313,633149
72275,226
364410,1052095
2745,2746
1236,135622
920,243159
35792,1105108
81,53399
62322,693973
75787,1911577
657445,1356861
267889,28228
407,334852
12916,721785
286,380021
120577,1407053
48073,260552
80679,765912
43773,316277
119060,48736
562,866768
75682,884214
294,205922
99,1850374
1779134,2292766
135616,40222
2678886,2116657
884215,871271
286,47885
1822464,2026199
562,316385
210,765962
550,716541
562,155864
48736,305
28228,2497879
573,1420012
1822464,148447
28901,1271862
262,954
80840,413882
356,69277
293088,1486262
10,1945512
747,1075089
590,2500543
263,1432652
210,1382927
80840,995019
1486991,2342
1902578,1902579
378210,1842540
543,472825
562,595496
535,2059672
1965231,1874362
135621,286
470,945556
35791,1105112
34008,308754
780,47589
497,261164
1822464,36873
263,177416
487,604162
629,28152
155077,498211
662,1208308
202746,2283483
271098,458817
32008,87883
75697,1437824
29407,674703
171437,1110502
60136,60137
238749,2714924
543,409304
481,71
745,754
165697,1913578
63561,1121464
82115,379
1236,742030
1330545,69220
2582840,873
470,1400867
551,182337
39960,314225
388640,1094489
1330547,1158459
135617,40751
338565,465817
204039,1306405
482,267212
28107,1314869
341045,1262470
210,1055528
31989,2588711
401469,2495591
165697,33050
456327,981368
47877,129138
28901,1271864
1518149,2594005
301,1182590
316277,56780
28095,999541
535,536
85404,1434214
482,326522
1060,1850250
303,390235
407,426117
433,522
34072,34073
588,1157951
148813,709032
1236,113267
2724,582402
55210,1121120
433,1434011
2218628,243265
768,770
29449,491916
712,214906
34008,35806
497,1699624
286,53408
548,1028307
12916,80867
543,2172100
482,640030
469,1148157
35,1189310
118882,234
194,1780362
265,1945662
93217,573737
445,2005262
1980513,1630141
92944,92945
579,51288
57975,1249662
286130,148813
32,33
284016,450851
1903411,613
28197,367737
481,194195
34103,639200
478070,187304
83618,314722
48075,1821621
39,40
712,1249016
632,547048
953,80849
32257,505
316,996285
487,662598
310575,1036672
28450,320372
1903414,29487
630,1443113
357794,357804
210,1163740
2433,1891787
1579315,1579316
168934,1891279
2745,507626
930166,994484
379,2020311
1445504,1445505
1330545,2153385
586,126385
469,2715163
783,1337396
632,637382
106591,1752398
469,1809055
41275,293
53335,1891675
963,964
28196,1315211
91914,91915
666,593588
206389,2008795
773,774
727,1334187
286,1853130
535744,1074000
119060,32008
1031542,580033
197,192222
453161,2559597
165695,1315974
469,40214
1706371,10
773,2133959
72293,286130
254245,254247
45401,1068
31989,1434019
407,2202825
198252,335992
2036754,28209
57665,220622
1652133,2109558
356,169055
1335746,1260251
413435,2303331
68287,1777866
782,1105096
32008,1795043
637,235559
75682,303379
226,1777491
543,1835721
357,358
426,595536
57665,1986224
535,2202141
28151,399741
60552,269482
210,907239
562,573235
1236,91347
780,238800
1906660,1778264
346,1137651
374,1404768
573,1094170
783,1105100
114186,667013
32008,1795874
84642,129577
945,205920
515417,452627
774,360095
119060,93217
118968,254245
339,314565
263,418136
481,2052837
391613,2203213
204037,568768
1779136,1548548
405,265072
31989,1648497
135575,2100422
635,636
31989,1579315
