rpc	316056
RHOPB	316056
sit	292414
SILST	292414
bex	1184267
crz	1778675
dda	579405
DICDA	579405
och	271865
buc	107806
BUCAI	107806
mhat	1222034
fpm	28110
aff	194196
zmm	555217
ZYMMA	555217
awu	1879050
ebi	634500
aah	272556
seh	454169
SALHS	454169
asi	696748
vag	1219076
rbm	1862950
red	1294273
mme	717774
pcv	78398
ooi	1032623
psg	1280938
enc	716541
pagg	470934
kuy	657387
haxi	115555
meu	1662285
rpk	562019
RICPU	562019
sphk	1515612
pcay	2292766
heg	907240
kbl	1208923
suln	2590021
sfn	1282357
nwr	1814290
lef	1907578
koc	571
pca	338963
PELCD	338963
hfe	936155
gap	1196095
cpin	1874362
bol	1408887
hpv	637913
bbk	360095
BARBK	360095
wma	1579979
fad	2007306
sfg	47917
ena	1033813
bue	758796
nmt	604162
sphr	1843368
bpc	1017264
weo	169402
ftd	1452728
eok	701177
apg	634459
tpn	891398
pset	1856685
rbe	336407
RICBR	336407
rli	391595
mch	440085
METCH	440085
cfx	1093099
asy	634113
sagu	2009329
pspi	1249552
boc	441162
pmos	1306993
woc	1548547
hhu	1178482
bsuv	645170
amac	529120
srr	768492
kph	1225181
png	28109
ptu	314281
salz	2500543
pant	1484158
ano	106654
deo	1986146
rjg	1312183
lpn	272624
LEGPH	272624
nwa	105559
wed	1236908
bmr	568815
nst	1444684
jas	2590869
hcs	213554
kct	1208918
psv	69328
mmaa	1202962
btz	1249663
ceh	1758178
bapu	1009856
amim	1247726
bpet	743277
bmx	862908
BACMS	862908
limn	2732163
pge	61647
her	1234365
hpaz	1322346
mgm	156889
MAGSM	156889
maqu	270351
hpyh	1382926
daf	690850
sbp	407976
SHEB2	407976
ecoi	1382700
psil	1853130
hpw	985080
pfc	1037911
las	537021
LIBAS	537021
ect	585057
ECO7I	585057
roh	2587850
psy	314282
hja	930805
php	1844006
bpq	1229785
bov	444178
BRUO2	444178
adn	596153
pna	365044
POLNA	365044
bbh	568707
hpl	693745
abu	367737
ARCB4	367737
cuh	106590
hbv	663364
pve	656178
pcq	53408
cfh	1679497
sdr	1163617
ppuj	2108399
kva	640131
msc	187303
sry	1348660
bmee	520466
aht	74033
rab	33989
sba	760154
bsk	1104321
bcar	36855
oco	1031710
rtg	577
pshi	703
tgl	53501
chv	28898
amol	870501
ypac	311180
ren	2486578
kpe	244366
KLEP3	244366
dsd	1121464
hht	1262470
bcs	483179
BRUC2	483179
hty	76936
paeu	1407059
senm	1835721
pacr	1940612
pdag	754
paga	1312369
bfl	203907
BLOFL	203907
mhc	1163748
nik	2614693
halo	1883416
hhr	1163739
rrp	1105101
laz	61646
blag	2233851
ngg	1028800
mari	1671721
ddn	641491
camr	1500960
sok	2303331
atx	637390
hen	1055530
rco	272944
RICCN	272944
tmo	1110502
sde	203122
SACD2	203122
bgo	28095
rsl	859657
hhs	1235990
ern	1812935
ema	1499973
tig	40754
jan	290400
JANSC	290400
bsz	520487
swi	392499
SPHWW	392499
apj	434271
ACTPJ	434271
bbag	1469502
mhey	391905
ebd	866768
ECOLX	866768
raq	745277
vas	1481923
nbl	2666100
ppv	157782
sfu	335543
SYNFM	335543
rgr	1120045
smz	1163399
vcf	686
bpe	257313
BORPE	257313
patr	29471
hix	727
cmuc	202
aoa	418699
pfx	244566
mbry	655015
eun	696406
afr	243159
THIFE	243159
ftq	1341656
smw	435998
ppk	1416914
seb	909946
koy	1308980
xff	788929
rpi	402626
RALPJ	402626
bez	807
abaa	470
keu	33995
lfa	1212491
yal	1453495
vbo	436515
pgv	991905
yro	29485
alf	160699
ajp	1278309
acv	1407071
ome	141451
sene	1064551
thin	2508687
icp	476281
hhm	1216962
halc	2601894
heq	102608
zmr	1194424
ahp	1418107
goh	1224746
sfw	47917
hpyd	1382922
suli	2070369
mhua	763057
doa	888061
kpr	861365
bthl	1249660
abau	470
mmai	1432792
pprc	1124983
crc	1202537
ppro	1420599
spmi	407020
bvr	1079
pcg	47879
edh	536056
btre	1263829
asj	108981
rhc	1564506
axe	1094342
abs	1064539
mfu	35
lmir	47671
oto	1658672
wsu	273121
WOLSU	273121
slut	1045317
adt	32002
vch	243277
VIBCH	243277
tpro	1229727
smic	335406
palw	1537215
mca	243233
METCA	243233
senv	1412461
psh	644801
bpsh	1306418
cjen	1383068
ypl	632
cmj	1159491
rtt	1003201
bme	224914
BRUME	224914
tti	713585
gan	1005058
bapw	1009857
achi	2004650
aprs	160660
ahj	1419584
ksd	1144748
lpy	2589080
mthi	1458355
rsk	557760
RHOSH	557760
pbr	314260
pao	592316
sbl	325240
SHEB5	325240
rmc	109232
pade	1302376
mpli	321984
smx	707241
mamo	1082933
ops	419475
bch	331272
BURCH	331272
beba	1904640
cox	96344
sfl	198214
SHIFL	198214
wbr	36870
WIGBR	36870
rpu	1310165
lmb	1605891
sphd	1283312
laq	84531
abaw	2341112
avn	322710
AZOVI	322710
bbac	959
bhz	103855
hit	281310
HAEI8	281310
fty	264
chw	1813019
nri	434131
fha	549298
ret	347834
RHIEC	347834
yan	1792508
das	643562
pfb	47883
mhae	1261126
ypb	502801
YERPB	502801
kpq	1328325
sef	1008297
shyd	1673076
aes	1758179
magn	1639348
hjo	1549855
thig	2580412
pur	45610
esl	1133852
asq	233316
gxl	1296990
ebf	693444
hms	679897
ype	214092
YERPE	214092
paer	1279008
hce	182217
hed	1778263
rpf	428406
BURPI	428406
mea	272630
METEA	272630
psky	97481
lss	452
cspf	1031920
bte	271848
BURTA	271848
yel	1443113
srh	216778
ocm	1903694
hay	712310
hpa	357544
HELPH	357544
abm	509170
ACIBS	509170
ipi	1096243
sutt	2494234
mpri	178399
opf	1416627
hiw	727
barh	858423
nre	158500
acz	637389
sphi	1609977
rbg	441209
ekf	595495
wol	163164
WOLPM	163164
lha	449
aana	877500
bpk	1241583
kpw	72407
bpm	320372
BURP1	320372
barw	1933904
rec	491916
RHIE6	491916
ysi	367190
bba	264462
BDEBA	264462
bsui	645170
apac	391936
nmd	935599
rms	416276
RICM5	416276
pba	994484
ecan	69218
psyy	2203895
echl	1249653
adk	596154
hhk	1052
bsym	1404367
pum	198618
pns	1112
hak	1504981
peg	2563896
geb	443143
tin	75379
rdp	76731
nen	1825976
afe	380394
ACIF5	380394
ppd	338966
PELPD	338966
bqr	1225179
ppun	1211579
chrm	2605945
amx	543877
hmc	717785
gem	443144
bvn	1094497
sufl	1208342
bot	931866
buk	416344
bpeu	1403053
nam	598659
NAUPA	598659
ama	234826
ANAMM	234826
mpc	491952
pcr	335284
PSYCK	335284
vvm	914127
pbw	283699
van	882102
stm	99287
SALTY	99287
kco	1300165
dpr	577650
esc	701347
bceo	1055524
psin	1235591
por	47885
eck	585055
ECO55	585055
aid	756892
hem	1321941
meti	2202828
alg	254246
yew	630
dej	1716143
rbo	391896
RICB8	391896
rpr	272947
RICPR	272947
teg	1091497
apt	634452
oah	529
pbc	930166
but	28450
deu	1823759
cgeo	1780362
pym	515393
paf	941193
fiy	1608628
kci	1267577
ese	431946
tol	1298593
suld	1968541
kbt	1208922
nao	1441467
sea	454166
SALA4	454166
vpf	1338034
blat	488446
gdi	272568
GLUDA	272568
ppb	931281
brg	1827469
azq	2016596
rga	1418105
tbd	292415
THIDA	292415
pso	571800
this	1032
hni	1029756
eex	2528037
dba	525897
DESBA	525897
spau	13689
aka	1036672
ccv	360105
CAMC5	360105
hif	866630
rpha	396
kpy	72407
kpu	484021
KLEPN	484021
pmut	1499308
ecoo	1248902
bbr	257310
BORBR	257310
dat	177437
DESAH	177437
shz	879274
prp	1340851
hap	557723
HAEPS	557723
psuw	314722
dde	207559
DESDG	207559
palh	1891675
dts	180282
heo	85962
hee	2025949
dvg	573059
apu	634454
bic	1274631
apom	65959
nis	387092
NITSB	387092
atu	176299
AGRT5	176299
saln	2183911
psj	1123519
gai	1192854
hac	382638
HELAH	382638
ecx	331112
ECOHS	331112
aeu	202947
rok	2203213
xpo	1354304
ypq	633
asu	339671
ACTSZ	339671
sini	2698684
hpak	738
bsto	960
neo	2060726
aaj	644
cmar	1397108
ree	1259973
orm	2742145
abn	480119
ACIB5	480119
pke	1628086
pfl	220664
PSEF5	220664
kvu	880591
fso	1802984
rhp	1850250
seno	1412459
pkt	1768242
bsf	1004954
hbl	37372
nsf	28449
pfg	656179
rmuc	207340
sei	476213
SALET	476213
dpi	1322246
bgm	463040
mpt	420662
METPP	420662
aex	573065
xth	56464
pne	452638
POLNS	452638
camz	1660076
sme	266834
RHIME	266834
smur	641147
alt	715451
saz	326297
SHEAM	326297
mpar	134
bpd	320373
BURP6	320373
ecly	299766
pspo	1117319
ech	205920
EHRCR	205920
mmr	394221
MARMM	394221
xbv	40576
bpx	1229205
rpb	316058
RHOP2	316058
gle	2030797
vgo	1333996
pck	1235990
nek	655307
jab	1236179
xpe	442694
sbv	1382510
eta	465817
metx	739141
pfv	743720
goy	1288313
hip	374930
HAEIE	374930
ftc	119857
cola	2161872
lea	2681307
dbr	644282
emx	375549
kpse	1646340
ahr	1418110
rhg	2509614
sbn	399599
SHEB9	399599
stek	1793721
cmw	1159613
apag	728
dal	218208
DESAA	218208
aace	435
nov	1609758
apq	634455
ngl	1028801
ssan	1123269
kre	215221
rsc	859656
hpyu	1321940
kie	61648
melm	2116657
jsv	368607
pspw	754502
rrh	1105103
llu	1391654
atw	2067960
bjp	375
fna	1163389
cjeu	1380768
smaf	671990
lsol	453783
bop	1792307
hpyk	1055532
bpsu	1249471
clap	158823
cuu	876364
bpt	340100
BORPD	340100
ptc	2115978
cbx	946483
erg	302409
EHRRG	302409
xhy	56455
vga	687
zpl	33074
sphg	1806885
dfl	241368
xcc	190485
XANCP	190485
nap	2579250
kpt	72407
hdu	233412
HAEDU	233412
mms	375286
JANMA	375286
psel	2678688
rot	2588299
ddq	1306405
cff	360106
CAMFF	360106
crv	1202540
vct	190893
eay	716540
amv	926570
sply	1154756
faq	2745590
pgd	1423144
prw	349106
PSYWF	349106
tht	2552945
eoj	573235
xfr	48664
cjy	32022
cyo	133448
dla	558537
amai	1300258
bage	82977
fsm	1878942
cyy	728003
sbz	1197719
cfv	1273266
spoi	1620392
rrn	1105100
tse	2675054
xph	317013
babr	520454
lem	69
baj	261317
nma	122587
NEIMA	122587
cln	1388749
bgj	1109412
vam	2126319
cem	158822
mali	321983
ccun	1121267
sbc	344609
SHIB3	344609
ehh	391036
mht	1249526
bof	2599640
bpv	120576
edw	1578828
cey	2054173
mpo	441620
METPB	441620
sfr	318167
SHEFN	318167
mela	2109913
cpar	1563222
ttu	377629
TERTT	377629
acn	574556
nzo	326523
senl	149539
xcb	314565
XANC8	314565
cbw	68895
hpc	765963
hci	573234
pfw	321846
vit	96942
smy	621456
axx	85698
bky	2133959
dey	2231055
pds	85581
taw	2494374
ecls	1812935
eclg	550
rcc	1105107
daer	1288495
lwa	66969
afq	511
mbah	2283318
cmag	1411902
thd	1902579
pspg	1699622
ftr	510831
FRATE	510831
brk	2057741
brl	1938605
cfon	1737446
lar	1261131
abo	393595
ALCBS	393595
pdk	1093787
kqu	1463165
cjp	1201032
mvi	1433287
rpx	652103
adz	873191
amb	1004787
mgy	1430440
pgb	658445
tpq	1053648
mtun	227605
dds	525146
DESDA	525146
bcas	36855
mey	1486262
jaz	1644131
nla	489653
bva	859654
gho	673
pli	91844
hbi	1002804
bxb	266265
kpm	1125630
nwi	323098
NITWN	323098
fpp	1267021
xva	325776
bau	561501
BUCAT	561501
sfx	198215
SHIFL	198215
apm	859653
mham	1311759
laa	1174529
hpys	1352356
xor	383407
acet	2259883
pga	391619
ael	73010
tcy	717773
xfm	405440
XYLFM	405440
caf	35703
sil	246200
SILPO	246200
mict	2587856
hpo	585535
echg	2494701
mtea	2202827
tkm	396595
rbh	1898103
eco	511145
ECOLI	511145
xcv	316273
XANC5	316273
dalk	571177
yin	631
pea	1314869
abx	696749
ati	528244
teq	937774
gbm	404380
GEOBB	404380
psu	743721
sphs	1892855
aci	62977
ACIAD	62977
xcf	611301
hebr	1462615
amk	1004785
smai	2520507
lvs	245188
uru	2732067
otm	1458307
pmib	1266738
cbg	434923
COXBU	434923
sech	59803
gme	269799
GEOMG	269799
bra	114615
BRASO	114615
msx	1420916
vhr	669
sphj	1921510
sev	568708
ecl	481805
ECOLC	481805
aber	106648
leh	1920116
hei	1234600
bok	342113
mass	2045208
drg	1715720
ppan	82367
acom	41977
pkc	1301098
btj	1249662
pspu	93222
xcw	611301
cbaa	1458425
fth	393011
FRATO	393011
vcx	666
masy	1593482
kde	1208919
bdc	2220073
ssal	1260251
not	1016987
pnr	93219
plu	243265
PHOLL	243265
bsem	488731
ilo	283942
IDILO	283942
vaq	2587862
efk	1401328
ais	217204
paco	1849015
hyc	2565558
csf	1388752
jlv	29581
sof	618
rgu	946333
paes	1427342
pmai	1755811
bprc	543913
nse	222891
NEOSM	222891
merd	1777866
bms	204722
BRUSU	204722
eae	1028307
pamo	2171755
rva	648757
aei	1324350
pans	2575375
elr	1048689
zpa	2080469
bpso	1439855
shp	399804
pfs	216595
PSEFS	216595
xft	183190
XYLFT	183190
lpe	933093
lri	158841
bbet	244734
cser	1082851
lok	1268635
bbw	765869
marj	2547598
bpsm	1249474
ahs	197482
vcy	190893
rhi	394
RHISN	394
abh	1100841
htr	265883
mmk	1124991
pdz	395631
pmeg	420953
mboi	476
tas	1008459
sphx	2565556
pag	557722
PSEA8	557722
ebu	2052938
sed	439851
SALDC	439851
spiz	2666185
ypf	748672
rsv	941638
metp	2082386
ccr	190650
CAUCR	190650
laqu	1396826
swp	225849
SHEPW	225849
bvz	1549949
rrr	1338411
vni	28173
llo	661367
hna	555778
aell	913109
alr	2267264
bsg	29461
tpj	1266371
eso	1133853
cvc	1108595
mym	1297742
eam	665029
vha	338187
VIBHB	338187
rhey	1906744
brev	2579977
hih	727
sfj	61651
bgf	640512
cij	1634516
ili	1321370
htq	2602015
alc	1785128
abl	1036172
bmaz	320389
bdl	350701
beb	1690485
shw	351745
SHESW	351745
cdm	1159554
sphl	1913578
hpyl	1248726
rpa	258594
RHOPA	258594
dtx	445710
mlq	1749259
eho	93378
hcp	1172562
spkc	1030157
brd	1532555
arj	40216
hrb	1078773
azr	2027405
tea	743973
fpx	28110
ddd	198628
mor	693986
rta	365046
rsy	305
ngf	1176536
heu	1055529
vdb	50719
nzl	640030
txi	1123366
mpur	765910
rpn	1290427
hha	349124
HALHL	349124
ahl	29430
pvg	585
pia	152297
rpq	449216
cji	567106
woo	100901
etw	544404
babc	235
efv	192812
avt	762
snj	1961362
ppoa	2042057
rpe	316055
RHOP5	316055
exf	1296536
carm	2505970
nar	279238
NOVAD	279238
parb	2026199
malg	988812
ecle	1333850
shb	1160717
salk	2572577
psz	96563
caba	2705547
cis	1031564
hpg	563041
HELPG	563041
paq	1095774
rpd	316057
RHOPS	316057
bsv	1112912
ead	1416753
cjv	32022
gps	1129794
pkr	198620
lpu	1312904
rpg	1105098
phz	2023229
pnc	1089456
paby	1250539
hso	205914
HAES1	205914
bur	482957
BURS3	482957
serm	2033438
adp	51161
heb	1407462
baro	515256
bvl	981386
xfu	366649
lrz	1440763
orb	1635327
kmi	1134687
avl	1283330
rpm	1150469
hpp	570508
HELPY	570508
pud	2716226
dvl	391774
DESVV	391774
thac	2048283
pha	326442
PSEHT	326442
stt	209261
SALTI	209261
lum	2006110
gbh	1051974
esm	1134782
pse	748280
xop	360094
XANOP	360094
setu	1171376
mhq	1249531
psm	234831
amp	1412840
aug	108980
psen	1514074
ahd	1448139
vfi	312309
VIBF1	312309
cfd	1333848
pcz	587753
apoc	1935204
avi	311402
AGRVI	311402
meso	1670800
tcl	96773
smag	33050
xau	78245
XANP2	78245
pall	741155
pot	2547601
bve	1449978
cmed	391592
alig	720
salh	2183582
seeh	1124936
lei	1920114
adv	1871111
fto	1432652
epy	634499
metr	1842540
spzr	2711215
fmy	416213
aph	212042
ANAPZ	212042
elp	910348
ala	1789224
hbe	475662
lpv	2172103
yak	263819
smd	366394
SINMW	366394
npn	1088721
err	2182384
rty	257363
RICTY	257363
cfar	67824
rua	2293862
eof	1972134
dhk	1920191
rpp	1105108
lat	931202
shq	1813821
mvs	80854
sgi	267128
amyt	1032238
pstg	1940610
wbm	292805
WOLTR	292805
cak	366602
CAUSK	366602
pmul	747
vta	1671868
epr	644651
see	423368
SALNS	423368
kak	1917421
sphb	1855519
dso	1225786
oce	511062
ypr	633
hdn	582899
mtim	945844
aan	694569
tdn	326298
SULDN	326298
asw	217203
ssam	1293412
eli	314225
ERYLH	314225
boj	1977852
aoh	1248439
bui	1795874
thal	1193729
aseg	888057
mai	856793
cpaf	1424653
csj	28141
zin	871271
azc	438753
AZOC5	438753
nco	44574
cko	290338
CITK8	290338
sfla	2584094
xal	380358
acum	2136182
hhq	1163741
vcq	666
ccy	1183379
bas	198804
BUCAP	198804
ljr	456
rrf	1036743
rlt	395492
RHILT	395492
ppsh	122355
yet	630
suam	1917485
paca	91604
pami	1367847
prag	2498113
cbc	434924
COXBU	434924
xct	1308541
agr	861208
sva	1675686
bsun	653940
senn	877468
xca	340
XANCB	340
lmd	999552
echs	1249654
bmb	262698
BRUAB	262698
bju	1037409
brf	2561924
mcys	1553431
rhk	2020311
hpas	738
sega	1225522
psya	1720344
bro	115808
smul	1150621
mcs	480
nor	2571749
sphp	292913
asp	1160720
gox	290633
GLUOX	290633
ses	41514
SALAR	41514
chiz	2739434
mes	266779
MESSB	266779
hiq	374931
HAEIG	374931
fta	458234
FRATF	458234
yti	1447062
skr	93064
pcj	134536
hmd	29570
hmi	2259620
raf	347255
RICAE	347255
ftw	418136
FRATW	418136
ccs	565050
CAUCN	565050
awd	80852
arc	944547
ece	155864
ECOLX	155864
sdn	318161
SHEDO	318161
vpd	1246301
pbb	1697053
tsy	1166950
nei	1853278
prot	1921565
tpty	82987
nsa	749222
boz	2163011
sal	317655
SPHAL	317655
rge	983917
vpk	1338032
tbv	215691
bmae	13373
sjp	452662
tbn	1076588
hpn	907238
mpsy	1704499
psem	1611770
kpp	1193292
hca	1163742
xoy	1458476
babu	520455
hcl	45498
fts	1232394
llg	45067
rhn	1703962
wpp	1116230
lagg	187304
nmh	909420
ftn	401614
FRATN	401614
kps	1420013
adh	196024
hpyc	1382921
seni	90371
mgra	85402
rrc	1105102
xfa	160492
XYLFA	160492
rmi	1105112
pmv	1132496
cui	1074000
spot	60137
mmt	857087
dti	706587
vex	150340
ftg	1001542
swd	392500
SHEWM	392500
sthm	215580
ecm	439855
ECOSM	439855
pye	147645
pphr	121719
cfus	43
amah	332411
gti	257438
sua	563040
ctt	363952
pstt	316
brh	882378
fmi	2249302
vpb	1211705
emo	2213226
yfr	1454377
bid	395963
BEII9	395963
psos	1500686
yee	1262462
acx	1328314
ncz	483
hahe	1628392
net	335283
NITEC	335283
bmc	430066
BRUA1	430066
palg	2026624
meh	666681
vsh	689
cse	509190
gxy	634177
ypw	632
ced	1778540
eak	1752398
mpq	330734
bcd	696125
ebr	413997
vci	1134456
dvu	882
DESVH	882
ccon	1073999
pch	587753
rri	392021
RICRS	392021
afc	1564138
yps	273123
YERPS	273123
hmar	28885
baa	1104320
axn	1216976
vcz	666
cpot	1639133
rja	652620
haeg	197575
sem	718274
xci	1137651
aaus	589873
pdr	1294143
hin	71421
HAEIN	71421
erf	2587851
smk	693982
vcm	579112
VIBCM	579112
gqu	929813
esh	2071710
baph	1265350
ccx	1144275
msd	1278073
pef	1842532
enx	1560339
koe	1191061
alw	28090
lch	395495
LEPCP	395495
vcr	345073
amao	1300257
apra	1745854
cjd	360109
CAMJD	360109
abt	944546
ptt	230089
ypv	632
ngo	242231
NEIG1	242231
lgu	262324
cjr	195099
CAMJR	195099
mphy	418223
eko	595495
kox	1006551
sya	13690
sec	321314
SALCH	321314
fnl	1356861
moi	29433
xac	190486
XANAC	190486
lsh	28087
kma	157779
axo	1167634
byi	1097668
pae	208964
PSEAE	208964
amad	1300259
ptp	666509
koa	505
bmn	320389
BURM7	320389
pes	2342
salv	1196094
seeb	1173427
hpit	249188
aol	1245469
psa	379731
PSEU5	379731
bapi	1686310
end	1827481
bfw	1550728
sew	439843
SALSV	439843
paed	1591409
boi	1867715
azd	356837
ans	638
echv	1249655
cste	153493
cjej	1380767
pars	2259340
sbo	300268
SHIBS	300268
salm	2303538
echp	1249650
hpd	290847
buq	1678678
bsw	29461
llp	418701
buo	758793
nmi	662598
ecln	550
enr	1166130
sse	425104
SHESH	425104
msr	1420917
pgp	60548
vsa	316275
ALISL	316275
zmo	264203
ZYMMO	264203
apy	1184253
fpt	539329
colw	1816219
cke	225992
mmes	908290
mhao	1311760
rhe	1032845
vfl	676
dko	1300342
paur	1883414
rhz	674703
nmn	374833
NEIM0	374833
mgry	431944
cri	667013
fpj	28110
trb	943830
eoi	585396
crp	387662
CARRP	387662
phr	1868589
thio	1803865
gni	1085623
maes	1921086
drt	485915
rce	414684
RHOCE	414684
tcn	1463158
ler	2681309
ccro	52
aua	1349819
agc	1842536
opo	82983
rrj	452659
RICRO	452659
spl	398579
SHEPA	398579
spq	1016998
SALPB	1016998
ebl	469008
slm	1904944
pct	561230
PECCC	561230
vaf	1074311
aeh	187272
ALHEH	187272
bsan	1249553
smeg	1235461
hat	1579316
xne	406817
echw	1249656
elf	591946
buz	1417228
fes	2724191
bpa	257311
BORPA	257311
plr	1239881
sbt	693973
rbt	1528098
sphf	2219696
lcj	28084
hyo	2231112
pde	318586
PARDP	318586
gag	983545
btr	382640
BART1	382640
send	85569
bvi	269482
BURVG	269482
sex	1132507
psed	2213057
vaa	1795631
lal	1526571
esz	2044467
bsb	633149
pvd	33069
cnc	1042878
kko	523791
splk	1390395
mety	2487150
elg	299767
senb	1320309
mum	864828
eaa	86106
ror	1286170
apai	1080223
rbn	987059
xbo	406818
oin	94625
rmo	1105114
boh	1697043
mmn	696127
kpx	573
sutk	2584944
rpln	575
seny	1929246
rpus	648995
banc	1318743
vow	696485
tmz	85643
nsi	488
mtw	595536
eclc	1333849
alan	1355374
rpod	1852022
sej	990282
cup	367825
idi	2055892
sbf	2493639
bxe	266265
BURXL	266265
ahh	644
miu	1658665
acaa	1912871
fhi	1088883
aak	83263
bul	1468409
csk	1138308
pput	1331671
cid	1208324
srs	768490
bug	640510
reu	264198
RALEJ	264198
ecr	585034
ECO8A	585034
bvy	1325724
mko	702114
seep	1298917
jag	1349767
cate	2172099
dic	568768
eoh	585395
seec	1271863
pws	1175631
pht	1867719
pmot	1435058
kpg	72407
oai	698738
hdi	1482074
rei	1301032
plz	43657
pre	1245471
hvn	44935
kpnu	573
yph	547048
YERPH	547048
asr	652
tho	1705394
kpne	573
cber	1967665
blas	1842535
izh	2579935
rbd	2010829
bvc	41276
nwe	28091
kvd	244366
maq	351348
MARAV	351348
kga	1208921
aper	1076596
nani	326522
frt	573569
ebc	1920109
upv	401471
afri	1085644
bbro	463025
tzo	2675053
tat	1091495
ypi	349747
YERP3	349747
pin	357804
PSYIN	357804
hil	935897
cfp	1507806
baus	1094489
acio	2478662
malu	561184
ple	1206109
acid	553814
aaqu	323284
lib	454
vco	345073
VIBC3	345073
pmu	272843
PASMU	272843
crx	203
slac	2715678
mann	2679994
pmp	1075089
sgl	343509
SODGM	343509
eld	885276
mets	2202825
ery	1648404
xho	351679
paet	749
brb	55213
pseo	1348114
hps	512562
HELPS	512562
rip	515618
psi	1157951
hpyg	1382925
dfn	1778540
pseb	2500533
lpop	1172565
azt	664962
seo	588858
upi	2495591
roy	2267833
mci	765698
sdf	465721
shm	60481
SHESR	60481
lcp	435897
mos	34062
abj	1096995
tau	595494
TOLAT	595494
sfd	1185652
ecz	585035
ECO45	585035
moc	1882682
kpj	1380908
pdj	621376
ypk	187410
YERPE	187410
brj	1149952
lap	1674922
hfr	92645
hia	1295140
etc	1288122
oan	439375
OCHA4	439375
sbg	218493
clr	1453989
ssn	300269
SHISS	300269
bup	713602
acib	255507
ntn	661191
yep	994476
splm	1938607
ato	104102
lug	1176533
bpsa	1249477
xax	981368
halk	272774
ell	566546
pmy	399739
PSEMY	399739
dvn	111831
baw	713600
kpo	1049565
pvac	37448
psp	264730
PSE14	264730
sfo	1441930
hcd	573658
sent	527001
aat	668336
slt	580332
amon	1926868
aha	380703
AERHH	380703
rbl	1075
put	1007105
hpyj	1382927
rel	1328306
metg	2742204
saes	1028752
zmc	627343
bals	52764
hyb	795665
dar	159087
DECAR	159087
eme	1495769
rfe	315456
RICFE	315456
nhm	1286528
pbra	180957
sami	135719
ypj	632
rps	1105095
senh	1271864
ocd	2587163
ddc	590409
xyk	2697032
kba	153496
asz	446692
nmj	488
aro	359
babb	235
nmx	487
swf	2558361
dps	177439
DESPS	177439
par	259536
PSYA2	259536
mnr	1678028
ssz	568817
thk	2005884
pvr	76761
eic	634503
EDWI9	634503
kna	265960
reh	381666
RALEH	381666
nch	320497
eame	41202
ssy	627192
spc	319224
SHEPC	319224
hoh	502025
acip	553814
buj	868597
sulg	2590022
dug	2728021
palk	237609
vsp	693153
VIBSL	693153
achb	2282475
yca	2607663
pvl	584
pap	381754
PSEA7	381754
kro	92947
nur	44577
hpu	765964
pul	584721
fti	351581
kgy	206506
kvq	244366
edl	1650654
eas	885040
bhud	109472
saly	2003370
def	631220
zal	1470434
aza	748247
cman	450378
cir	1920110
echj	1249652
thas	2605946
btha	57975
psyg	1699624
mhaq	75985
krd	283686
amf	320483
ANAMF	320483
phei	333962
pamg	129138
bos	1842539
mbat	1581557
chri	2202141
splb	171865
pat	342610
PSEA6	342610
kpi	1244085
pses	1028989
hoe	1620421
dja	1217721
gao	1340425
amh	1300253
cux	1031733
hik	1334187
mmyr	454601
bmel	224914
zdf	347534
ptn	1315283
shal	1193502
acp	455488
ANAD2	455488
bgl	626418
BURGL	626418
ata	358
aql	1938604
avd	1283331
metd	2067957
skh	1965282
sphm	745310
ppu	160488
PSEPK	160488
sulr	1249480
afj	1232575
ppet	472834
bav	360910
BORA1	360910
pcon	1945662
pala	126385
rgi	257708
eca	218491
ERWCT	218491
vfm	388396
VIBFM	388396
bchr	1240471
abw	470
apw	634458
ehd	1922217
sat	56780
SYNAS	56780
ccoc	199
gbi	1810504
naq	492
ypd	637382
hadh	2602016
bcm	406425
BURCC	406425
mrm	888845
mei	582744
yey	930944
hex	866346
prj	158850
htt	664683
cvi	243365
CHRVO	243365
bml	412022
BURM9	412022
micc	1769779
aot	146474
mdh	1727196
eoc	1072459
psk	1415630
sehc	134287
mmw	400668
MARMS	400668
achr	1758194
aao	754507
abaj	1096997
nmz	935589
ecp	362663
ECOL5	362663
lax	83655
alh	2604537
fam	1188319
eclx	1296536
rme	266264
RALME	266264
same	194963
gbs	1052095
azo	418699
AZOSB	418699
hch	349521
HAHCH	349521
ege	1619313
xom	342109
XANOM	342109
elx	741093
acd	436717
rru	269796
RHORT	269796
ntt	1630141
hey	1127122
amih	374606
ttp	316276
boo	2552942
ajs	232721
ACISJ	232721
mee	2051553
jeu	1906741
atp	1032241
axy	762376
cjj	354242
CAMJJ	354242
msu	221988
MANSM	221988
mint	1615494
pace	29542
eno	208224
acu	990288
mcg	1384459
aep	361183
rpo	1105096
mfla	871742
dcb	296842
mep	887061
asui	663365
pla	402881
PARL1	402881
paev	1367494
zmp	579138
sedi	2483033
stax	1549858
mbs	490759
nbc	267212
tsv	2686094
nim	2559597
rvi	676208
cif	1702170
plc	91844
gur	351605
GEOUR	351605
sulc	2283483
xfl	1401256
cyq	385025
part	1117313
pst	223283
PSESM	223283
cof	2597701
spt	295319
SALPA	295319
amc	1774373
ALTMD	1774373
bdf	488732
cend	2487929
pcib	626774
mon	2715211
epe	55211
bstl	95485
miv	2082949
alb	2060312
pato	29471
spol	2588449
bpyr	60550
bqu	283165
BARQU	283165
lph	91891
acis	553814
cjm	645464
rbs	2026785
mln	935546
osg	716816
abz	497978
erk	2011159
cauf	69665
pff	321846
hpyr	1311573
hba	582402
yef	630
psec	1649877
maad	686597
geh	2169400
nmq	935593
rrb	1105104
scl	448385
SORC5	448385
barj	1933907
pld	1297582
chae	394935
psyc	1028416
tvr	106634
hiu	862964
vmi	674
pdis	59814
magx	1663591
bab	224915
BUCBP	224915
ppsl	237610
kle	1334193
rmb	1265309
dji	1379159
com	58049
glo	398767
GEOLS	398767
vfu	903510
apx	634456
kvl	759362
senj	1267753
hhf	863372
vpe	595537
spsw	225848
vei	391735
VEREI	391735
ccol	1367491
bfn	134537
cen	158822
avp	1054033
tak	44139
plf	1123863
rak	293614
RICAH	293614
npp	702113
sens	1406860
sers	488142
bak	1005090
ppi	231023
rsq	349102
RHOS5	349102
ykr	28152
cbot	1759059
aaw	287094
mad	225937
rhl	348824
nmc	272831
NEIMF	272831
bmf	359391
BRUA2	359391
psal	1227812
ccoo	195
dzc	1427366
haz	1860122
psyr	1357279
ccc	1273173
prb	93220
psr	996285
kus	698828
eba	76114
AZOSE	76114
pmon	1435044
apk	1266844
pub	335992
PELUB	335992
aon	1296669
sclo	120107
mard	383750
smel	1286640
haa	376489
kha	436
bmg	703352
sur	378806
cja	498211
CELJU	498211
rom	2494550
des	1603606
ndl	1343077
bdz	2231053
lag	882944
fpi	28110
ftm	441952
FRATM	441952
abd	980514
dac	398578
DELAS	398578
wgl	1142511
nog	2675225
acal	471
sgoe	1851514
porl	1896196
avo	654
mcun	34061
otk	2109914
scu	1254432
mno	460265
METNO	460265
xtw	1444770
pazo	47878
bcee	1407053
lir	1234378
abal	1455315
paeg	1448140
pter	311230
bara	1933910
bud	1740162
ras	238800
pman	1147786
pstu	316
ajn	40215
eln	685038
prh	216142
foo	2016517
tee	1748243
hpyo	1248725
dao	880072
ftv	119857
sdo	421000
slq	1346614
pgg	158627
dsf	1167006
camy	1660073
pfe	1114970
cjq	32022
pagr	1510150
pey	470933
ppz	1282356
sku	709032
gbe	391165
GRABC	391165
vau	55601
kpb	573
idt	2100422
cnt	158822
hpx	585538
bpse	1335307
rir	648995
hpr	862965
ctes	1392005
yru	29486
aay	1267766
cavi	522484
shl	458817
SHEHH	458817
pfn	294
thu	1134435
acin	553814
frx	573570
oca	504832
OLICA	504832
ebs	1442136
panr	219572
thaa	2017482
star	2709380
bcig	186490
yre	158877
aqs	1590041
tni	1255043
ccoi	1183380
cft	1240980
abq	192
seg	550538
SALG2	550538
cama	1261127
ppar	1905730
hel	768066
sect	1199245
parr	2500532
pmk	1001585
rsb	1484693
mii	359370
bthm	1249667
ftu	177416
FRATT	177416
yrb	29486
pfz	296
xtn	487909
chj	2718
ptx	445709
nhl	472759
gpb	83406
asip	254247
hhc	421628
rra	1105105
fcn	622488
kpd	1561924
pdq	1835254
acii	1281578
aoy	2500548
kki	504
pbm	1123016
bmt	470137
BRUSI	470137
asa	382245
AERS4	382245
acw	1809055
mhx	1316932
bdq	1916293
abk	470
dei	2083786
emr	1423892
care	279058
ack	358220
mbd	1294270
dsa	526222
DESSA	526222
hpf	866345
ade	290397
ANADE	290397
pfq	82985
scot	51367
afa	511
masz	2072590
hsm	228400
HAES2	228400
rdi	1850238
phau	183417
daa	1335048
pfk	104087
hyn	2651974
spho	1866325
rep	1432049
men	903503
ypz	637386
kor	497725
paei	1367493
bct	1009846
tmb	765912
lyj	2591633
fer	2594003
bthe	1249665
slh	206403
oar	391616
ncb	1612173
dma	573370
DESMR	573370
sros	1855875
cov	2497879
bcai	1323664
cbd	434922
COXBN	434922
bmaq	13373
alv	572477
spyg	2082188
ppf	351746
PSEP1	351746
afw	404589
ANADF	404589
wpi	570417
WOLPP	570417
fbl	550540
camp	1244528
bsup	645170
cjw	32022
cell	1987723
amw	1412841
our	90245
hct	573658
bmu	395019
BURM1	395019
bmul	985079
crt	1202539
vcs	1420885
bgz	1325095
brq	1404768
ali	862719
msq	1874317
rma	413404
RUTMC	413404
pmaa	267375
rig	1719125
mag	342108
MAGMM	342108
tmc	451
hgn	1763828
rhr	2028343
mmb	583345
sek	554290
SALPK	554290
del	742013
wen	1236909
hdt	670307
cgd	1267562
mhyd	48074
smav	260364
set	550537
SALEP	550537
lsd	718192
hco	507626
mbac	1581680
smer	382
hef	866344
msl	395965
METSI	395965
ric	1182263
pleo	1885025
tor	1208320
cbra	57706
hyf	2268024
rid	540747
pel	1002672
ads	70348
pphe	161398
lee	2282309
bcc	372461
BUCCC	372461
ksc	265959
elo	216592
bum	1795043
esa	290339
ENTS8	290339
neh	2558360
ecor	539
abc	405416
ACIBC	405416
amal	1300255
snn	639200
het	222136
ppse	1182590
bps	272560
BURPS	272560
rac	81479
rpj	1366050
ekb	208224
ecoh	1248915
kpc	1094170
ttc	585455
pts	169427
efe	585054
ESCF3	585054
rpt	395960
RHOPT	395960
eal	1440052
xoo	291331
XANOR	291331
bja	224911
BRAJA	224911
serf	1327989
cfq	2077147
ppr	298386
PHOPR	298386
mlo	266835
RHILO	266835
etd	718251
dfi	44742
aii	1085647
senr	568709
kom	1134687
edj	536056
ksa	1235834
cjb	1211776
jaj	2497863
lab	84531
btv	1250339
lbq	1082704
ebt	630626
cdq	444444
aea	1636608
dol	96561
DESOH	96561
anh	645517
thes	2202149
lew	2153385
les	2005262
rlb	754523
ebg	881260
shew	2029986
lpc	400673
LEGPC	400673
apor	189834
tao	717772
rez	1967781
comm	2070537
bac	398577
BURA4	398577
bph	391038
BURP8	391038
simp	2109915
bmec	488729
cea	325775
ecos	941322
aclo	1054034
mhay	75985
ppul	93221
abr	889738
rin	190721
srz	61652
apha	1173064
poh	2527775
nit	153948
buf	2479367
niy	2599600
mmob	1808979
vfg	881286
adi	930169
bpz	884204
alj	2715163
cju	407148
CAMJ8	407148
xcm	611301
pfo	205922
PSEPF	205922
rhm	308754
cgra	824
abg	1231624
paeb	287
sino	794846
kpa	1420012
ant	572480
mxa	246197
MYXXD	246197
cll	1031536
rmn	105219
plo	1239881
seen	866913
pprf	57320
ppuu	1207075
ppic	1580596
coq	2478912
hpi	869727
ypt	1035377
chel	1702325
bma	243160
BURMA	243160
bam	339670
BURCM	339670
bdm	293
csm	1388751
barr	1933912
cbla	2042961
ppru	2579971
hsr	115553
amg	1004788
hep	1055528
dav	694431
bapf	1009859
haf	2136172
noh	2712222
ccq	1358410
aen	235559
ebe	469008
agu	106649
ifl	537
shum	94
ecla	1333851
cjs	718271
ccup	1389192
tom	299262
fpz	28110
ecoa	1274814
hpyi	1321939
bob	2676441
dea	400770
frc	1542390
rso	267608
RALSO	267608
bpy	398527
BURPP	398527
acb	400667
ACIBT	400667
amag	1300254
hcc	573658
lip	363253
LAWIP	363253
pay	291112
ecc	199310
ECOLX	199310
buu	1385591
cfz	688354
xar	56448
prr	43658
rpz	1105097
maru	2587842
hyl	1763535
vtu	1051646
tii	1891279
hdh	2748098
dia	535289
DIAST	535289
kot	2492396
xsa	56458
sten	2005046
hpya	1055531
dsh	398580
DINSH	398580
rfr	338969
RHOFD	338969
sey	216597
pfib	1891094
sult	1854493
lpp	297246
LEGPA	297246
sbs	693970
mya	69539
bcep	983594
pos	2268087
bgu	1176492
pali	261164
zmb	627344
xdo	351671
etr	498217
xao	1304892
neu	228410
NITEU	228410
pec	1905730
gsn	1445510
masw	1707785
sena	1412460
pcd	665913
ghl	47960
bpl	357348
BURP0	357348
pvc	333965
ppaf	2588711
pcol	1987580
prg	587
cpel	1388753
sbk	43661
sfe	591020
hhz	726
eclz	301105
shd	1223802
prq	2027290
sfv	373384
SHIF8	373384
cdn	1437824
bub	1249668
hhp	1163740
pcc	1218933
bru	1891098
rsw	1105109
bmar	207949
aaa	643561
sera	104623
hyt	2749086
phb	2201350
lso	658172
vvu	216895
VIBVU	216895
rbz	1904441
mesm	2493668
gak	1434191
azl	137722
vna	1219067
lau	1277257
ecog	2043170
ecol	1335916
mej	754476
poi	76758
pamn	34004
thap	2594005
lue	2698682
rbu	1565605
ank	447217
ANASK	447217
pmob	1712261
dms	370038
eec	299767
pox	573737
hax	2109558
bsuc	645170
metl	107637
ftl	376619
FRATU	376619
hpaa	735
coj	1848766
ecy	409438
ECOLX	409438
dhy	1121451
ecd	316385
ECODH	316385
echa	1249651
xcp	990315
stes	2282124
otr	1735038
rpon	1891787
squ	137545
amaa	1004786
ypo	273123
labt	2587854
ntd	1219035
lej	2508307
aacn	1407647
mmed	1122214
cla	306263
CAMLR	306263
bmal	13373
rht	1125847
bhe	283166
BARHE	283166
lcd	1867846
cjei	1357994
bpn	291272
BLOPB	291272
lez	69
rpv	1105099
btd	1249661
erw	254945
EHRRW	254945
caq	244581
lcc	1215343
eab	655817
sbj	2018305
cha	360107
CAMHC	360107
kon	1208920
mdn	1538553
phq	681157
rah	741091
bne	588932
salg	38313
sphc	1327635
den	1778262
hpe	1055527
bge	2654982
cjn	757425
amed	1208104
con	1609966
phl	1082931
agt	1279031
bmz	941967
dov	885957
aby	509173
ACIBY	509173
saga	1117647
pael	1408272
arv	948519
ajo	1242245
xcj	1308548
dpg	901
hpj	85963
HELPJ	85963
nok	2601898
dog	1909699
abab	1096996
bho	1247649
abb	557600
ACIB3	557600
mmas	1189310
ppud	303
aav	397945
ACIAC	397945
lpm	1199191
fph	484022
FRAP2	484022
frf	1547445
pci	1441629
man	349215
ent	399742
ENT38	399742
apf	634453
meo	1234603
rre	1105113
senq	1412462
lpo	91891
labr	2021862
rsu	35806
mros	173366
bced	292
ypm	229193
YERPE	229193
aio	51049
vin	1391653
hpz	684950
smq	698936
son	211586
SHEON	211586
cmik	1778264
dpy	1546149
kas	51288
xcz	56453
cps	167879
COLP3	167879
cbu	227377
COXBU	227377
nha	323097
NITHX	323097
crh	1202538
sulj	220622
bbm	1208658
tcx	317025
THICR	317025
vnl	1208308
kpnk	573
rao	2259647
hsi	1897729
nel	546263
ppg	76869
PSEPG	76869
vca	338187
dno	246195
DICNV	246195
apa	537457
ACTP7	537457
pol	296591
POLSJ	296591
paeo	1352354
psts	891974
vcl	935297
brs	1404864
rle	216596
RHIL3	216596
cjx	1347340
vff	63
eclo	158836
plq	86185
rad	1538158
gca	395494
dsu	640081
alk	1904463
bpla	41899
srl	682634
ofo	847
sdl	525898
cbab	1458426
vph	1429044
cru	1202536
ftx	401614
naf	1414854
brn	2304600
eru	254945
EHRRW	254945
hpq	985081
eah	106592
apl	416269
ACTP2	416269
cure	1032069
aaz	732
geo	316067
GEOSF	316067
metu	2681310
ypn	377628
YERPN	377628
spha	2319844
aala	370622
bomb	2697033
cje	192222
CAMJE	192222
bpr	536230
BURPS	536230
hie	262727
hpar	546367
erj	215689
ERWSE	215689
blep	288004
lni	69220
ecg	574521
ECO27	574521
paem	1415629
mec	754477
pam	706191
hsz	964
cpra	279113
cjer	1295010
theh	2714945
babt	235
tci	53336
rsm	859655
vpa	223926
VIBPA	223926
ecj	316407
ECOLI	316407
ssdc	669502
bper	568706
mhal	1366053
ecn	269484
EHRCJ	269484
aact	714
erwi	2681984
rhd	666685
vvl	672
six	1842534
egn	502682
xcn	611301
hic	727
mvg	1434214
emv	2739433
tsn	1125411
sphy	2077182
vro	190895
vsc	45658
xfs	155920
clm	1453988
klw	2153354
bstg	1503054
labp	2590016
ged	1070130
ppno	93220
thi	426114
dee	2739061
avr	998088
salo	1826607
sbm	402882
SHEB8	402882
nmp	630588
vbr	553239
doe	311182
ott	334380
ORITI	334380
har	204773
HERAR	204773
ecoj	1355100
rsh	349101
RHOS1	349101
spht	1315974
enm	1248727
xbc	2511995
bhn	38323
rev	2738883
abad	945556
fcl	123824
bpp	520461
dih	2714924
gsu	243231
GEOSL	243231
lpf	297245
LEGPL	297245
mesw	278153
smi	1230587
syb	484429
ypu	633
maga	260552
mex	419610
METEP	419610
pmes	197222
kpk	244366
ceb	1945512
ncu	1031538
hpse	47421
bmw	1029825
psf	911045
pkd	135740
ftz	119857
daq	1401087
ale	1777491
pcar	227
ctu	693216
ccf	1183378
setc	1271862
lus	2565782
pagc	549
poo	2082385
ftt	1001534
gbc	364410
bgq	1325090
span	1560345
gsk	663917
GEOSK	663917
hpye	1382923
apz	634457
bart	1933906
ham	1610576
sml	522373
STRMK	522373
bng	1121120
bbay	1834205
bmj	395019
BURM1	395019
samy	927083
deq	1643450
cwe	67827
meta	925818
eih	714962
slj	150120
bcib	186490
rau	1105110
hpy	85962
HELPY	85962
aaqi	1315211
pen	384676
PSEE4	384676
xba	2021234
pnu	312153
POLSQ	312153
bmk	87883
pmr	529507
PROMH	529507
dak	589865
para	1926494
csz	956149
cro	637910
don	1920883
oat	391626
acc	871585
ACICP	871585
ptv	200450
ppnm	93220
bap	563178
BUCA5	563178
mlg	569860
ssur	2741499
bbar	2572036
xhr	56454
pwa	561231
serq	104623
pau	208963
PSEAB	208963
eau	1421338
mthd	252514
rhv	1869170
apel	1858656
vok	412965
VESOH	412965
bgr	634504
BARGR	634504
ypy	502800
YERPY	502800
plul	47886
hez	1407463
aasc	481146
sod	1239307
paru	2065379
rsp	272943
RHOS4	272943
bgp	41899
hhe	235279
HELHP	235279
stem	1827305
siw	538381
aap	634176
HAEAP	634176
ehm	158836
met	426117
METS4	426117
ppsy	1788301
ppj	70775
hne	228405
HYPNA	228405
ypp	386656
YERPP	386656
vvy	196600
VIBVY	196600
kso	1576550
alz	1777492
btra	1263832
fper	1086726
cmb	69666
sphq	1357916
caj	1244531
oct	2602067
ppuh	1215088
ecv	405955
ECOK1	405955
shn	94122
SHESA	94122
yma	419257
btq	1241582
bhm	1172205
bcj	216591
BURCJ	216591
psw	157783
psta	588
kpz	1328324
cco	360104
CAMC1	360104
paly	1163752
nms	935588
rrm	1337396
dex	2682137
mop	536019
afi	743299
paec	1352355
slim	1620215
plb	91844
apb	488538
ebw	595496
ECOBW	595496
ecq	585397
ECO81	585397
coz	1816218
pcaf	1761016
rgl	582702
spse	1402135
rhj	1962975
plum	141679
bmaf	13373
pmex	128785
psb	205918
PSEU2	205918
hde	572265
HAMD5	572265
pavl	46257
sel	1081093
rph	481009
sphu	310581
ntg	553981
sulz	1389005
ecs	386585
ECO57	386585
ppx	1196325
aeo	645
rcp	272942
psd	1045855
sun	387093
SULNB	387093
cfu	1005048
ecok	1110693
fil	1608628
lpa	423212
bpar	1208660
eci	364106
ECOUT	364106
rbad	1646377
atn	202954
xcr	611301
abf	192
poj	319939
rhh	2545632
rox	1805933
rse	1262456
csa	290398
CHRSD	290398
reo	2738852
dgg	1121448
ccor	1448857
kpn	272620
KLEP7	272620
ster	1219058
hbc	1690484
elc	885275
bsi	204722
alp	1850254
shf	1930557
barn	2267275
bajc	713601
rlu	1033991
ebh	1303921
amar	505249
hcb	537971
lhk	557598
LARHH	557598
xve	925775
kpv	72407
elq	39960
cie	1703250
mve	1434215
atf	358
cti	977880
CUPTR	977880
mesp	2082387
nmm	935591
hpyb	1382920
aln	1113728
yhi	2339259
ahn	565
hpb	592205
mcat	480
bua	713603
btrh	1263831
sdy	300267
SHIDS	300267
kge	914150
bpsi	1072685
ngk	521006
NEIG2	521006
bmv	320388
BURMS	320388
pva	712898
amae	1300256
yen	393305
YERE8	393305
nmw	942513
sch	690566
zmi	627343
vej	1116375
bci	374463
BAUCH	374463
aoz	286727
ahy	1288394
rhx	1703966
bcon	488447
bmi	546272
BRUME	546272
plg	29443
enf	1692238
rfo	1336806
vcc	47951
pstw	660596
senc	1003191
bpdz	1331258
azz	2202148
sno	639283
xfh	2371
ocg	504832
ypx	637385
rpw	1105094
smaz	33050
pgl	383629
nci	493
rhf	2509614
papi	93218
azi	198107
hpym	1321938
bsed	1548548
vce	914149
xoz	129394
bto	1171377
pig	2488560
ftf	393115
FRAT1	393115
slo	323850
SHELP	323850
ots	357244
ORITB	357244
psc	1196835
eum	585056
ECOLU	585056
ron	54291
suls	1986224
ymo	349967
ppis	43662
nef	2686014
age	48
clx	1031753
pand	2518599
xcu	611301
htl	297
rsn	1031711
ypc	633
app	522306
ask	28200
rtb	1003202
mfb	1334629
sfh	1117943
hse	757424
dwd	947919
rmm	215743
ecw	331111
ECO24	331111
elu	869729
hhh	115561
kln	1076550
clq	1388750
xnm	1437823
aal	589873
sacz	128780
chyo	1031746
phn	643674
babo	520450
bcew	95486
apd	1184254
mbur	95641
hmr	760142
cvo	580033
dtr	1725232
acr	349163
ACICJ	349163
bmed	74329
bbat	1069642
ccof	195
hpyf	1382924
ara	311403
AGRRK	311403
sbw	1410383
cna	1348774
rlg	395491
RHILT	395491
hav	1453496
vcj	593588
VIBCH	593588
ecli	550
bgd	999541
mfn	1921087
mfa	265072
METFK	265072
sulf	1985873
ecf	444450
ECO5E	444450
bbx	518
mars	1821621
cjl	32022
btrm	123899
zmn	622759
pcp	86192
phs	169430
chro	2059672
elh	316401
btei	1503055
pus	2028345
cbs	360115
COXBR	360115
lim	1678129
pbh	413882
rpl	1290428
panp	1484157
mara	2304594
rde	375451
ROSDO	375451
svc	217070
tgr	396588
THISH	396588
chrb	2202141
smt	391008
STRM5	391008
rtr	698761
vqi	2025808
fau	767434
mct	1236608
gpi	345632
sniv	2675298
hag	1118153
enl	1104326
elw	566546
hpm	765962
mjr	1777867
esj	716928
azm	682998
tvi	765911
magq	1288970
gsb	483547
ass	743972
ppt	1042876
noc	323261
NITOC	323261
rut	2587853
brad	376
sinb	861109
acre	1032070
cmai	28258
ypg	349746
YERPG	349746
nii	261292
ahu	1226968
mdi	661410
ear	935296
spe	399741
SERP5	399741
acav	648
kim	2708301
nlc	1288494
sbb	693974
fgu	594679
sty	220341
SALTI	220341
abaz	1400867
bpsd	1249659
mvr	1432056
chq	69395
pzu	450851
PHEZH	450851
ado	692370
xfn	405441
XYLF2	405441
psyp	2565557
paj	932677
she	60480
SHESM	60480
ete	667120
anc	1850374
svo	637905
ros	2018065
frm	475375
acra	1842533
hol	390919
lih	1678128
bed	1505596
rcm	293613
RICCK	293613
sdz	754093
ahi	644
smar	1334564
kok	1333852
bbt	288000
BRASB	288000
bpsl	1207504
pzh	1077935
cek	454662
btx	85701
mbl	386891
csi	413503
bcen	95486
kll	1905288
apc	744985
palc	43263
sra	768493
sbar	1054037
sks	1908198
psx	588
wri	66084
WOLWR	66084
bmab	13373
bcet	1423891
nmu	323848
NITMU	323848
dvm	883
DESVM	883
mah	1091494
brc	1223566
kia	2714952
paep	1279007
ppw	390235
PSEPW	390235
cza	1198232
dye	2501295
aem	2033033
hph	907237
nba	2052837
lgt	45065
nme	122586
NEIMB	122586
rhy	1842727
babs	235
seds	1543721
gdj	272568
GLUDA	272568
bcn	331271
BURCA	331271
dax	980445
wcl	246273
hml	195105
spiu	1335757
buh	1005057
ben	1505597
bvv	1526658
mam	754035
iod	2496266
att	1646498
thw	1915078
bmai	13373
mza	29429
lit	2599296
raa	1151116
ptd	43659
ram	1105111
spal	317658
paln	247523
mrd	426355
METRJ	426355
ypa	360102
YERPA	360102
hcm	1163745
hiz	262728
hpt	794851
bapg	1009858
nfv	484
had	135569
jal	1938606
odi	1851544
vap	543728
VARPD	543728
hyr	1842537
mico	2651334
kqv	2026240
asv	1633874
kin	1972431
asol	487316
xan	1680158
ply	1206109
paro	1529068
gal	318683
cjz	1338035
hes	907239
sft	623
dze	561229
bfz	463014
sbd	1332080
rpne	758
bhs	38323
dto	651182
smac	273526
hcn	1163743
pgz	665914
dml	897
sja	93973
sfs	1282358
lyt	2290922
fcf	984129
FRACF	984129
ceg	2303332
